Date,price_btc,price_spx,price_tech,price_gold,ret_btc,ret_spx,ret_tech,ret_gold
,BTC-USD,^GSPC,QQQ,GC=F,,,,
2016-01-04,433.091003,2012.660034,101.976761,1075.099976,,,,
2016-01-05,431.959991,2016.709961,101.799812,1078.400024,-0.002611,0.002012,-0.001735,0.003070
2016-01-06,429.105011,1990.260010,100.821938,1091.900024,-0.006609,-0.013115,-0.009606,0.012519
2016-01-07,458.048004,1943.089966,97.664886,1107.699951,0.067450,-0.023700,-0.031313,0.014470
2016-01-08,453.230011,1922.030029,96.863945,1097.800049,-0.010519,-0.010838,-0.008201,-0.008937
2016-01-11,448.428009,1923.670044,97.161987,1096.500000,-0.010595,0.000853,0.003077,-0.001184
2016-01-12,435.690002,1938.680054,98.288818,1085.599976,-0.028406,0.007803,0.011597,-0.009941
2016-01-13,432.371002,1890.280029,94.898918,1087.500000,-0.007618,-0.024965,-0.034489,0.001750
2016-01-14,430.306000,1921.839966,96.919846,1073.900024,-0.004776,0.016696,0.021296,-0.012506
2016-01-15,364.330994,1880.329956,93.911751,1091.500000,-0.153321,-0.021599,-0.031037,0.016389
2016-01-19,380.148987,1881.329956,94.116623,1089.900024,0.043417,0.000532,0.002182,-0.001466
2016-01-20,420.230011,1859.329956,93.827919,1107.099976,0.105435,-0.011694,-0.003068,0.015781
2016-01-21,410.261993,1868.989990,93.921089,1099.099976,-0.023720,0.005195,0.000993,-0.007226
2016-01-22,382.492004,1906.900024,96.640442,1097.199951,-0.067688,0.020284,0.028954,-0.001729
2016-01-25,391.726013,1877.079956,95.206253,1106.199951,0.024142,-0.015638,-0.014840,0.008203
2016-01-26,392.153015,1903.630005,96.063042,1121.699951,0.001090,0.014144,0.008999,0.014012
2016-01-27,394.971985,1882.949951,93.669624,1116.099976,0.007188,-0.010863,-0.024915,-0.004992
2016-01-28,380.289001,1893.359985,94.992050,1115.599976,-0.037175,0.005529,0.014118,-0.000448
2016-01-29,379.473999,1940.239990,96.975731,1116.400024,-0.002143,0.024760,0.020883,0.000717
2016-02-01,373.056000,1939.380005,97.236488,1127.900024,-0.016913,-0.000443,0.002689,0.010301
2016-02-02,374.447998,1903.030029,95.131744,1127.300049,0.003731,-0.018743,-0.021646,-0.000532
2016-02-03,369.949005,1912.530029,94.675430,1141.300049,-0.012015,0.004992,-0.004797,0.012419
2016-02-04,389.593994,1915.449951,94.666092,1157.599976,0.053102,0.001527,-0.000099,0.014282
2016-02-05,386.549011,1880.050049,91.378639,1157.800049,-0.007816,-0.018481,-0.034727,0.000173
2016-02-08,373.446991,1853.439941,89.981674,1197.900024,-0.033895,-0.014154,-0.015288,0.034635
2016-02-09,376.028992,1852.209961,89.702293,1198.699951,0.006914,-0.000664,-0.003105,0.000668
2016-02-10,381.648987,1851.859985,90.046875,1194.699951,0.014946,-0.000189,0.003841,-0.003337
2016-02-11,379.653992,1829.079956,89.916504,1247.900024,-0.005227,-0.012301,-0.001448,0.044530
2016-02-12,384.263000,1864.780029,91.285500,1239.099976,0.012140,0.019518,0.015225,-0.007052
2016-02-16,407.488007,1895.579956,93.343666,1207.900024,0.060440,0.016517,0.022546,-0.025180
2016-02-17,416.321991,1926.819946,95.457703,1211.099976,0.021679,0.016480,0.022648,0.002649
2016-02-18,422.372986,1917.829956,94.368073,1226.099976,0.014534,-0.004666,-0.011415,0.012385
2016-02-19,420.785004,1917.780029,94.647499,1230.400024,-0.003760,-0.000026,0.002961,0.003507
2016-02-22,437.747986,1945.500000,96.184113,1209.500000,0.040313,0.014454,0.016235,-0.016986
2016-02-23,420.735992,1921.270020,94.600891,1222.300049,-0.038863,-0.012454,-0.016460,0.010583
2016-02-24,424.954987,1929.800049,95.504280,1238.699951,0.010028,0.004440,0.009549,0.013417
2016-02-25,424.544006,1951.699951,96.444878,1238.199951,-0.000967,0.011348,0.009849,-0.000404
2016-02-26,432.152008,1948.050049,96.323822,1219.800049,0.017920,-0.001870,-0.001255,-0.014860
2016-02-29,437.696991,1932.229980,95.457703,1233.900024,0.012831,-0.008121,-0.008992,0.011559
2016-03-01,435.122986,1978.349976,98.521667,1230.300049,-0.005881,0.023869,0.032098,-0.002918
2016-03-02,423.989014,1986.449951,98.558899,1241.099976,-0.025588,0.004094,0.000378,0.008778
2016-03-03,421.651001,1993.400024,98.372643,1257.400024,-0.005514,0.003499,-0.001890,0.013134
2016-03-04,410.938995,1999.989990,98.409904,1269.900024,-0.025405,0.003306,0.000379,0.009941
2016-03-07,414.321014,2001.760010,97.804565,1263.199951,0.008230,0.000885,-0.006151,-0.005276
2016-03-08,413.971985,1979.260010,96.994362,1262.099976,-0.000842,-0.011240,-0.008284,-0.000871
2016-03-09,414.859985,1989.260010,97.618324,1256.599976,0.002145,0.005052,0.006433,-0.004358
2016-03-10,417.131012,1989.569946,97.469307,1272.000000,0.005474,0.000156,-0.001527,0.012255
2016-03-11,421.690002,2022.189941,99.173584,1258.699951,0.010929,0.016396,0.017485,-0.010456
2016-03-14,416.437988,2019.640015,99.341187,1244.400024,-0.012455,-0.001261,0.001690,-0.011361
2016-03-15,416.829987,2015.930054,99.303978,1230.400024,0.000941,-0.001837,-0.000375,-0.011250
2016-03-16,417.010986,2027.219971,100.188675,1229.300049,0.000434,0.005600,0.008909,-0.000894
2016-03-17,420.621002,2040.589966,100.132805,1264.500000,0.008657,0.006595,-0.000558,0.028634
2016-03-18,409.548004,2049.580078,100.289719,1253.800049,-0.026325,0.004406,0.001567,-0.008462
2016-03-21,413.307007,2051.600098,100.682014,1243.800049,0.009178,0.000986,0.003912,-0.007976
2016-03-22,418.088989,2049.800049,100.990265,1248.199951,0.011570,-0.000877,0.003062,0.003537
2016-03-23,418.040985,2036.709961,100.158951,1223.699951,-0.000115,-0.006386,-0.008232,-0.019628
2016-03-24,416.394012,2035.939941,100.186996,1221.400024,-0.003940,-0.000378,0.000280,-0.001879
2016-03-28,424.230988,2037.050049,100.046898,1219.900024,0.018821,0.000545,-0.001398,-0.001228
2016-03-29,416.515991,2055.010010,101.653427,1235.599976,-0.018186,0.008817,0.016058,0.012870
2016-03-30,414.816010,2063.949951,102.148506,1226.900024,-0.004081,0.004350,0.004870,-0.007041
2016-03-31,416.729004,2059.739990,101.999062,1234.199951,0.004612,-0.002040,-0.001463,0.005950
2016-04-01,417.959991,2072.780029,103.082542,1222.199951,0.002954,0.006331,0.010622,-0.009723
2016-04-04,421.444000,2066.129883,102.690224,1218.000000,0.008336,-0.003208,-0.003806,-0.003436
2016-04-05,424.029999,2045.170044,101.700142,1228.400024,0.006136,-0.010144,-0.009641,0.008539
2016-04-06,423.412994,2066.659912,103.372116,1222.500000,-0.001455,0.010508,0.016440,-0.004803
2016-04-07,422.744995,2041.910034,101.886940,1236.199951,-0.001578,-0.011976,-0.014367,0.011207
2016-04-08,420.348999,2047.599976,101.812225,1242.500000,-0.005668,0.002787,-0.000733,0.005096
2016-04-11,422.483002,2041.989990,101.438622,1256.699951,0.005077,-0.002740,-0.003670,0.011429
2016-04-12,425.190002,2061.719971,102.288589,1259.400024,0.006407,0.009662,0.008379,0.002149
2016-04-13,423.734009,2082.419922,103.596275,1246.800049,-0.003424,0.010040,0.012784,-0.010005
2016-04-14,424.282013,2082.780029,103.605621,1225.000000,0.001293,0.000173,0.000090,-0.017485
2016-04-15,429.713013,2080.729980,103.344093,1233.099976,0.012800,-0.000984,-0.002524,0.006612
2016-04-18,428.591003,2094.340088,103.895180,1233.599976,-0.002611,0.006541,0.005333,0.000405
2016-04-19,435.509003,2100.800049,103.260033,1253.000000,0.016141,0.003084,-0.006113,0.015726
2016-04-20,441.389008,2102.399902,103.344093,1253.199951,0.013501,0.000762,0.000814,0.000160
2016-04-21,449.424988,2091.479980,103.353439,1249.000000,0.018206,-0.005194,0.000090,-0.003351
2016-04-22,445.737000,2091.580078,101.793549,1228.699951,-0.008206,0.000048,-0.015093,-0.016253
2016-04-25,461.425995,2087.790039,101.793549,1238.900024,0.035198,-0.001812,0.000000,0.008302
2016-04-26,466.088989,2091.699951,101.298523,1242.199951,0.010106,0.001873,-0.004863,0.002664
2016-04-27,444.687012,2095.149902,100.485870,1249.199951,-0.045918,0.001649,-0.008022,0.005635
2016-04-28,449.010986,2075.810059,99.271591,1265.500000,0.009724,-0.009231,-0.012084,0.013048
2016-04-29,455.096985,2065.300049,98.748505,1289.199951,0.013554,-0.005063,-0.005269,0.018728
2016-05-02,444.669006,2081.429932,99.682579,1294.699951,-0.022914,0.007810,0.009459,0.004266
2016-05-03,450.303986,2063.370117,98.757881,1290.699951,0.012672,-0.008677,-0.009276,-0.003090
2016-05-04,446.721985,2051.120117,98.122726,1273.300049,-0.007955,-0.005937,-0.006431,-0.013481
2016-05-05,447.976013,2050.629883,98.094681,1271.400024,0.002807,-0.000239,-0.000286,-0.001492
2016-05-06,459.602997,2057.139893,98.617775,1292.900024,0.025954,0.003175,0.005333,0.016910
2016-05-09,460.483002,2058.689941,98.897987,1265.599976,0.001915,0.000753,0.002841,-0.021115
2016-05-10,450.894989,2084.389893,100.252365,1263.900024,-0.020822,0.012484,0.013695,-0.001343
2016-05-11,452.727997,2064.459961,99.346313,1274.599976,0.004065,-0.009562,-0.009038,0.008466
2016-05-12,454.765991,2064.110107,98.907326,1270.300049,0.004502,-0.000169,-0.004419,-0.003374
2016-05-13,455.670013,2046.609985,98.543030,1271.900024,0.001988,-0.008478,-0.003683,0.001260
2016-05-16,454.162994,2066.659912,99.776031,1273.400024,-0.003307,0.009797,0.012512,0.001179
2016-05-17,453.782990,2047.209961,98.524353,1276.199951,-0.000837,-0.009411,-0.012545,0.002199
2016-05-18,454.618988,2047.630005,98.879295,1273.699951,0.001842,0.000205,0.003603,-0.001959
2016-05-19,438.714996,2040.040039,98.365555,1254.199951,-0.034983,-0.003707,-0.005196,-0.015310
2016-05-20,442.675995,2052.320068,99.449059,1252.400024,0.009029,0.006020,0.011015,-0.001435
2016-05-23,444.154999,2048.040039,99.318291,1251.099976,0.003341,-0.002085,-0.001315,-0.001038
2016-05-24,445.980988,2076.060059,101.307816,1228.900024,0.004111,0.013681,0.020032,-0.017744
2016-05-25,449.598999,2090.540039,102.036438,1223.500000,0.008112,0.006975,0.007192,-0.004394
2016-05-26,453.384003,2090.100098,102.335297,1220.099976,0.008419,-0.000210,0.002929,-0.002779
2016-05-27,473.463989,2099.060059,102.867737,1213.800049,0.044289,0.004287,0.005203,-0.005163
2016-05-31,531.385986,2096.949951,103.063873,1214.800049,0.122337,-0.001005,0.001907,0.000824
2016-06-01,536.919983,2099.330078,103.073212,1211.900024,0.010414,0.001135,0.000091,-0.002387
2016-06-02,537.971985,2105.260010,103.288040,1209.800049,0.001959,0.002825,0.002084,-0.001733
2016-06-03,569.193970,2099.129883,102.802322,1240.099976,0.058036,-0.002912,-0.004703,0.025045
2016-06-06,585.536987,2109.409912,103.175949,1244.599976,0.028713,0.004897,0.003634,0.003629
2016-06-07,576.596985,2112.129883,102.914436,1244.400024,-0.015268,0.001289,-0.002535,-0.000161
2016-06-08,581.645020,2119.120117,103.091904,1259.800049,0.008755,0.003310,0.001724,0.012375
2016-06-09,574.630005,2115.479980,102.923759,1270.199951,-0.012061,-0.001718,-0.001631,0.008255
2016-06-10,577.469971,2096.070068,101.756187,1273.400024,0.004942,-0.009175,-0.011344,0.002519
2016-06-13,704.375977,2079.060059,100.906189,1284.400024,0.219762,-0.008115,-0.008353,0.008638
2016-06-14,685.559021,2075.320068,100.906189,1285.599976,-0.026714,-0.001799,0.000000,0.000934
2016-06-15,694.468994,2071.500000,100.616623,1285.800049,0.012997,-0.001841,-0.002870,0.000156
2016-06-16,766.307983,2077.989990,100.915558,1296.099976,0.103444,0.003133,0.002971,0.008011
2016-06-17,748.908997,2071.219971,99.732681,1292.500000,-0.022705,-0.003258,-0.011721,-0.002778
2016-06-20,737.226013,2083.250000,100.360191,1290.000000,-0.015600,0.005808,0.006292,-0.001934
2016-06-21,666.651978,2088.899902,100.678596,1270.500000,-0.095729,0.002712,0.003173,-0.015116
2016-06-22,596.116028,2085.449951,100.435089,1268.000000,-0.105806,-0.001652,-0.002419,-0.001968
2016-06-23,623.976990,2113.320068,101.868004,1261.199951,0.046737,0.013364,0.014267,-0.005363
2016-06-24,665.299011,2037.410034,97.672279,1320.000000,0.066224,-0.035920,-0.041188,0.046622
2016-06-27,655.275024,2000.540039,95.733643,1322.500000,-0.015067,-0.018097,-0.019848,0.001894
2016-06-28,647.000977,2036.089966,97.831505,1315.300049,-0.012627,0.017770,0.021914,-0.005444
2016-06-29,639.890015,2070.770020,99.564110,1323.900024,-0.010991,0.017033,0.017710,0.006538
2016-06-30,673.336975,2098.860107,100.716049,1318.400024,0.052270,0.013565,0.011570,-0.004154
2016-07-01,676.296021,2102.949951,101.221771,1336.699951,0.004395,0.001949,0.005021,0.013880
2016-07-05,670.627014,2088.550049,100.603653,1356.400024,-0.008382,-0.006847,-0.006107,0.014738
2016-07-06,677.330994,2099.729980,101.427818,1364.900024,0.009997,0.005353,0.008192,0.006267
2016-07-07,640.562012,2097.899902,101.727524,1360.099976,-0.054285,-0.000872,0.002955,-0.003517
2016-07-08,666.523010,2129.899902,103.300873,1356.599976,0.040528,0.015253,0.015466,-0.002573
2016-07-11,647.658997,2137.159912,103.890953,1355.000000,-0.028302,0.003409,0.005712,-0.001179
2016-07-12,664.551025,2152.139893,104.415405,1334.099976,0.026082,0.007009,0.005048,-0.015424
2016-07-13,654.468018,2152.429932,104.162560,1342.400024,-0.015173,0.000135,-0.002422,0.006221
2016-07-14,658.078003,2163.750000,104.874306,1331.300049,0.005516,0.005259,0.006833,-0.008269
2016-07-15,663.255005,2161.739990,104.705750,1326.500000,0.007867,-0.000929,-0.001607,-0.003606
2016-07-18,673.106018,2166.889893,105.398788,1328.400024,0.014853,0.002382,0.006619,0.001432
2016-07-19,672.864014,2163.780029,105.014771,1331.500000,-0.000360,-0.001435,-0.003643,0.002334
2016-07-20,665.684998,2173.020020,106.241661,1318.800049,-0.010669,0.004270,0.011683,-0.009538
2016-07-21,665.012024,2165.169922,105.998177,1330.500000,-0.001011,-0.003613,-0.002292,0.008872
2016-07-22,650.619019,2175.030029,106.438347,1323.099976,-0.021643,0.004554,0.004153,-0.005562
2016-07-25,654.096985,2168.479980,106.447708,1319.300049,0.005346,-0.003011,0.000088,-0.002872
2016-07-26,651.783997,2169.179932,106.569473,1320.699951,-0.003536,0.000323,0.001144,0.001061
2016-07-27,654.351990,2166.580078,107.309334,1326.599976,0.003940,-0.001199,0.006943,0.004467
2016-07-28,655.034973,2170.060059,107.683945,1332.300049,0.001044,0.001606,0.003491,0.004297
2016-07-29,656.992004,2173.600098,107.918083,1349.000000,0.002988,0.001631,0.002174,0.012535
2016-08-01,606.271973,2170.840088,108.489403,1351.400024,-0.077200,-0.001270,0.005294,0.001779
2016-08-02,547.465027,2157.030029,107.665245,1364.400024,-0.096998,-0.006362,-0.007597,0.009620
2016-08-03,566.354980,2163.790039,108.021095,1356.099976,0.034504,0.003134,0.003305,-0.006083
2016-08-04,578.289001,2164.250000,108.330177,1358.800049,0.021072,0.000213,0.002861,0.001991
2016-08-05,575.043030,2182.870117,109.369736,1336.400024,-0.005613,0.008603,0.009596,-0.016485
2016-08-08,591.054016,2180.889893,109.247993,1333.400024,0.027843,-0.000907,-0.001113,-0.002245
2016-08-09,587.801025,2181.739990,109.500816,1339.000000,-0.005504,0.000390,0.002314,0.004200
2016-08-10,592.103027,2175.489990,109.219887,1344.300049,0.007319,-0.002865,-0.002566,0.003958
2016-08-11,589.119995,2185.790039,109.688141,1342.500000,-0.005038,0.004735,0.004287,-0.001339
2016-08-12,587.559021,2184.050049,109.763084,1335.800049,-0.002650,-0.000796,0.000683,-0.004991
2016-08-15,567.239990,2190.149902,110.231331,1340.300049,-0.034582,0.002793,0.004266,0.003369
2016-08-16,577.439026,2178.149902,109.622589,1350.500000,0.017980,-0.005479,-0.005522,0.007610
2016-08-17,573.216003,2182.219971,109.819283,1342.699951,-0.007313,0.001869,0.001794,-0.005776
2016-08-18,574.317993,2187.020020,109.847374,1351.199951,0.001922,0.002200,0.000256,0.006331
2016-08-19,575.630005,2183.870117,109.819283,1340.400024,0.002284,-0.001440,-0.000256,-0.007993
2016-08-22,586.752991,2182.639893,109.903549,1337.699951,0.019323,-0.000563,0.000767,-0.002014
2016-08-23,583.414978,2186.899902,110.100227,1340.599976,-0.005689,0.001952,0.001790,0.002168
2016-08-24,580.182007,2175.439941,109.388466,1324.400024,-0.005541,-0.005240,-0.006465,-0.012084
2016-08-25,577.760986,2172.469971,109.210526,1320.099976,-0.004173,-0.001365,-0.001627,-0.003247
2016-08-26,579.651001,2169.040039,109.369736,1321.500000,0.003271,-0.001579,0.001458,0.001061
2016-08-29,574.106995,2180.379883,109.519554,1322.900024,-0.009564,0.005228,0.001370,0.001059
2016-08-30,577.502991,2176.120117,109.163704,1311.699951,0.005915,-0.001954,-0.003249,-0.008466
2016-08-31,575.471985,2170.949951,109.051315,1306.900024,-0.003517,-0.002376,-0.001030,-0.003659
2016-09-01,572.302979,2170.860107,109.332253,1312.199951,-0.005507,-0.000041,0.002576,0.004055
2016-09-02,575.536987,2179.979980,109.688141,1322.099976,0.005651,0.004201,0.003255,0.007545
2016-09-06,610.435974,2186.479980,110.371849,1349.400024,0.060637,0.002982,0.006233,0.020649
2016-09-07,614.544006,2186.159912,110.437393,1344.300049,0.006730,-0.000146,0.000594,-0.003779
2016-09-08,626.315979,2181.300049,109.791168,1336.800049,0.019156,-0.002223,-0.005852,-0.005579
2016-09-09,622.861023,2127.810059,107.028397,1330.099976,-0.005516,-0.024522,-0.025164,-0.005012
2016-09-12,608.242981,2159.040039,108.948280,1321.000000,-0.023469,0.014677,0.017938,-0.006842
2016-09-13,609.241028,2127.020020,107.974297,1319.000000,0.001641,-0.014831,-0.008940,-0.001514
2016-09-14,610.684021,2125.770020,108.489403,1321.500000,0.002369,-0.000588,0.004771,0.001895
2016-09-15,607.155029,2147.260010,110.175163,1313.500000,-0.005779,0.010109,0.015538,-0.006054
2016-09-16,606.973022,2139.159912,110.122581,1305.800049,-0.000300,-0.003772,-0.000477,-0.005862
2016-09-19,609.226990,2139.120117,109.643753,1313.500000,0.003713,-0.000019,-0.004348,0.005897
2016-09-20,608.312012,2139.760010,109.850304,1313.699951,-0.001502,0.000299,0.001884,0.000152
2016-09-21,597.148987,2163.120117,110.930031,1326.900024,-0.018351,0.010917,0.009829,0.010048
2016-09-22,596.297974,2177.179932,111.812592,1340.400024,-0.001425,0.006500,0.007956,0.010174
2016-09-23,602.841980,2164.689941,111.099052,1337.199951,0.010974,-0.005737,-0.006382,-0.002387
2016-09-26,608.043030,2146.100098,110.169518,1339.699951,0.008628,-0.008588,-0.008367,0.001870
2016-09-27,606.166016,2159.929932,111.258644,1325.900024,-0.003087,0.006444,0.009886,-0.010301
2016-09-28,604.728027,2171.370117,111.446388,1319.400024,-0.002372,0.005297,0.001687,-0.004902
2016-09-29,605.692993,2151.129883,110.638962,1321.699951,0.001596,-0.009321,-0.007245,0.001743
2016-09-30,609.734985,2168.270020,111.465218,1313.300049,0.006673,0.007968,0.007468,-0.006355
2016-10-03,612.132996,2161.199951,111.305557,1309.000000,0.003933,-0.003261,-0.001432,-0.003274
2016-10-04,610.203979,2150.489990,111.136597,1266.300049,-0.003151,-0.004956,-0.001518,-0.032620
2016-10-05,612.510986,2159.729980,111.530937,1265.199951,0.003781,0.004297,0.003548,-0.000869
2016-10-06,613.020996,2160.770020,111.474609,1249.800049,0.000833,0.000482,-0.000505,-0.012172
2016-10-07,617.120972,2153.739990,111.230484,1248.900024,0.006688,-0.003253,-0.002190,-0.000720
2016-10-11,641.072021,2136.729980,110.338516,1253.000000,0.038811,-0.007898,-0.008019,0.003283
2016-10-12,636.192017,2139.179932,110.244652,1251.099976,-0.007612,0.001147,-0.000851,-0.001516
2016-10-13,636.786011,2132.550049,109.850304,1255.000000,0.000934,-0.003099,-0.003577,0.003117
2016-10-14,640.377991,2132.979980,109.981735,1253.099976,0.005641,0.000202,0.001196,-0.001514
2016-10-17,639.192993,2126.500000,109.681313,1254.400024,-0.001850,-0.003038,-0.002732,0.001037
2016-10-18,637.960022,2139.600098,110.657745,1260.800049,-0.001929,0.006160,0.008902,0.005102
2016-10-19,630.520020,2144.290039,110.648369,1267.900024,-0.011662,0.002192,-0.000085,0.005631
2016-10-20,630.856995,2141.340088,110.516899,1265.599976,0.000534,-0.001376,-0.001188,-0.001814
2016-10-21,632.828003,2141.159912,110.930031,1265.900024,0.003124,-0.000084,0.003738,0.000237
2016-10-24,653.760986,2151.330078,112.263245,1262.000000,0.033078,0.004750,0.012019,-0.003081
2016-10-25,657.588013,2143.159912,111.906471,1271.900024,0.005854,-0.003798,-0.003178,0.007845
2016-10-26,678.304016,2139.429932,111.145958,1264.800049,0.031503,-0.001740,-0.006796,-0.005582
2016-10-27,688.312988,2133.040039,110.638962,1267.900024,0.014756,-0.002987,-0.004562,0.002451
2016-10-28,689.651001,2126.409912,109.944199,1275.500000,0.001944,-0.003108,-0.006280,0.005994
2016-10-31,700.971985,2126.149902,109.840919,1271.500000,0.016416,-0.000122,-0.000939,-0.003136
2016-11-01,729.793030,2111.719971,109.014694,1286.400024,0.041116,-0.006787,-0.007522,0.011718
2016-11-02,740.828979,2097.939941,108.141525,1306.800049,0.015122,-0.006526,-0.008010,0.015858
2016-11-03,688.700012,2088.659912,107.080574,1302.099976,-0.070366,-0.004423,-0.009811,-0.003597
2016-11-04,703.234985,2085.179932,106.704994,1303.300049,0.021105,-0.001666,-0.003507,0.000922
2016-11-07,703.130981,2131.520020,109.240051,1278.300049,-0.000148,0.022224,0.023758,-0.019182
2016-11-08,709.848022,2139.560059,109.953575,1273.400024,0.009553,0.003772,0.006532,-0.003833
2016-11-09,723.273010,2163.260010,110.460602,1272.599976,0.018912,0.011077,0.004611,-0.000628
2016-11-10,715.533997,2167.479980,108.676704,1265.500000,-0.010700,0.001951,-0.016150,-0.005579
2016-11-14,705.020996,2164.199951,107.625107,1221.199951,-0.014693,-0.001513,-0.009676,-0.035006
2016-11-15,711.619019,2180.389893,109.117958,1224.000000,0.009359,0.007481,0.013871,0.002293
2016-11-16,744.197998,2176.939941,109.765785,1223.400024,0.045781,-0.001582,0.005937,-0.000490
2016-11-17,740.976990,2187.120117,110.563866,1216.500000,-0.004328,0.004676,0.007271,-0.005640
2016-11-18,751.585022,2181.899902,110.150764,1208.500000,0.014316,-0.002387,-0.003736,-0.006576
2016-11-21,739.247986,2198.179932,111.296219,1209.599976,-0.016415,0.007461,0.010399,0.000910
2016-11-22,751.346985,2202.939941,111.634201,1211.000000,0.016367,0.002165,0.003037,0.001157
2016-11-23,744.593994,2204.719971,111.183540,1189.099976,-0.008988,0.000808,-0.004037,-0.018084
2016-11-25,741.648987,2213.350098,111.540321,1178.199951,-0.003955,0.003914,0.003209,-0.009167
2016-11-28,735.812988,2201.719971,111.286797,1190.599976,-0.007869,-0.005255,-0.002273,0.010525
2016-11-29,735.604004,2204.659912,111.671753,1187.900024,-0.000284,0.001335,0.003459,-0.002268
2016-11-30,745.690979,2198.810059,110.319748,1170.800049,0.013713,-0.002653,-0.012107,-0.014395
2016-12-01,756.773987,2191.080078,108.413788,1166.900024,0.014863,-0.003516,-0.017277,-0.003331
2016-12-02,777.943970,2191.949951,108.629753,1175.099976,0.027974,0.000397,0.001992,0.007027
2016-12-05,758.700012,2204.709961,109.474747,1174.000000,-0.024737,0.005821,0.007779,-0.000936
2016-12-06,764.223999,2212.229980,109.737640,1167.599976,0.007281,0.003411,0.002401,-0.005451
2016-12-07,768.132019,2241.350098,111.127213,1175.000000,0.005114,0.013163,0.012663,0.006338
2016-12-08,770.809998,2246.189941,111.324348,1169.800049,0.003486,0.002159,0.001774,-0.004425
2016-12-09,772.794006,2259.530029,112.197510,1159.400024,0.002574,0.005939,0.007843,-0.008890
2016-12-12,780.086975,2256.959961,111.690529,1163.500000,0.009437,-0.001137,-0.004519,0.003536
2016-12-13,780.556030,2271.719971,113.098862,1156.699951,0.000601,0.006540,0.012609,-0.005844
2016-12-14,781.481018,2253.280029,112.864159,1161.300049,0.001185,-0.008117,-0.002075,0.003977
2016-12-15,778.088013,2262.030029,113.042534,1127.800049,-0.004342,0.003883,0.001580,-0.028847
2016-12-16,784.906982,2258.070068,112.623489,1135.300049,0.008764,-0.001751,-0.003707,0.006650
2016-12-19,792.713989,2262.530029,113.084908,1140.500000,0.009946,0.001975,0.004097,0.004580
2016-12-20,800.875977,2270.760010,113.518082,1131.500000,0.010296,0.003638,0.003831,-0.007891
2016-12-21,834.281006,2265.179932,113.433327,1131.099976,0.041711,-0.002457,-0.000747,-0.000354
2016-12-22,864.539978,2260.959961,113.113159,1128.800049,0.036270,-0.001863,-0.002823,-0.002033
2016-12-23,921.984009,2263.790039,113.188469,1131.900024,0.066445,0.001252,0.000666,0.002746
2016-12-27,933.197998,2268.879883,113.772331,1137.300049,0.012163,0.002248,0.005158,0.004771
2016-12-28,975.921021,2249.919922,112.887161,1139.400024,0.045781,-0.008357,-0.007780,0.001846
2016-12-29,973.497009,2249.260010,112.727089,1156.400024,-0.002484,-0.000293,-0.001418,0.014920
2016-12-30,961.237976,2238.830078,111.568825,1150.000000,-0.012593,-0.004637,-0.010275,-0.005534
2017-01-03,1043.839966,2257.830078,112.567032,1160.400024,0.085933,0.008487,0.008947,0.009043
2017-01-04,1154.729980,2270.750000,113.179077,1163.800049,0.106233,0.005722,0.005437,0.002930
2017-01-05,1013.380005,2269.000000,113.819427,1179.699951,-0.122410,-0.000771,0.005658,0.013662
2017-01-06,902.200989,2276.979980,114.817566,1171.900024,-0.109711,0.003517,0.008769,-0.006612
2017-01-09,902.828003,2268.899902,115.194260,1183.500000,0.000695,-0.003549,0.003281,0.009898
2017-01-10,907.679016,2268.899902,115.448517,1184.199951,0.005373,0.000000,0.002207,0.000591
2017-01-11,777.757019,2275.320068,115.759247,1195.599976,-0.143136,0.002830,0.002692,0.009627
2017-01-12,804.833984,2270.439941,115.580345,1198.900024,0.034814,-0.002145,-0.001545,0.002760
2017-01-13,823.984009,2274.639893,115.975853,1195.300049,0.023794,0.001850,0.003422,-0.003003
2017-01-17,907.937988,2267.889893,115.627411,1212.000000,0.101888,-0.002968,-0.003004,0.013971
2017-01-18,886.617981,2271.889893,115.862854,1211.300049,-0.023482,0.001764,0.002036,-0.000578
2017-01-19,899.072998,2263.689941,115.806343,1200.900024,0.014048,-0.003609,-0.000488,-0.008586
2017-01-20,895.026001,2271.310059,116.060577,1204.300049,-0.004501,0.003366,0.002195,0.002831
2017-01-23,921.012024,2265.199951,116.154755,1215.000000,0.029034,-0.002690,0.000811,0.008885
2017-01-24,892.687012,2280.070068,116.936348,1210.300049,-0.030754,0.006565,0.006729,-0.003868
2017-01-25,901.541992,2298.370117,118.113449,1197.300049,0.009919,0.008026,0.010066,-0.010741
2017-01-26,917.585999,2296.679932,118.235832,1189.500000,0.017796,-0.000735,0.001036,-0.006515
2017-01-27,919.750000,2294.689941,118.461861,1188.099976,0.002358,-0.000866,0.001912,-0.001177
2017-01-30,920.382019,2280.899902,117.539001,1193.199951,0.000687,-0.006010,-0.007790,0.004293
2017-01-31,970.403015,2278.870117,117.303596,1208.599976,0.054348,-0.000890,-0.002003,0.012906
2017-02-01,989.023010,2279.550049,118.113449,1205.599976,0.019188,0.000298,0.006904,-0.002482
2017-02-02,1011.799988,2280.850098,118.009834,1216.699951,0.023030,0.000570,-0.000877,0.009207
2017-02-03,1029.910034,2297.419922,118.348846,1218.500000,0.017899,0.007265,0.002873,0.001479
2017-02-06,1038.150024,2292.560059,118.490082,1230.000000,0.008001,-0.002115,0.001193,0.009438
2017-02-07,1061.349976,2293.080078,118.923248,1234.199951,0.022347,0.000227,0.003656,0.003415
2017-02-08,1063.069946,2294.669922,119.121017,1237.599976,0.001621,0.000693,0.001663,0.002755
2017-02-09,994.382996,2307.870117,119.554176,1235.099976,-0.064612,0.005753,0.003636,-0.002020
2017-02-10,988.674011,2316.100098,119.949692,1234.400024,-0.005741,0.003566,0.003308,-0.000567
2017-02-13,990.642029,2328.250000,120.627678,1224.400024,0.001991,0.005246,0.005652,-0.008101
2017-02-14,1004.549988,2337.580078,121.032570,1223.900024,0.014039,0.004007,0.003357,-0.000408
2017-02-15,1007.479980,2349.250000,121.748253,1231.699951,0.002917,0.004992,0.005913,0.006373
2017-02-16,1027.439941,2347.219971,121.710602,1240.000000,0.019812,-0.000864,-0.000309,0.006739
2017-02-17,1046.209961,2351.159912,122.237938,1237.599976,0.018269,0.001679,0.004333,-0.001936
2017-02-21,1115.300049,2365.379883,122.840599,1237.500000,0.066038,0.006048,0.004930,-0.000081
2017-02-22,1117.439941,2362.820068,122.887665,1232.000000,0.001919,-0.001082,0.000383,-0.004444
2017-02-23,1166.719971,2363.810059,122.426254,1250.199951,0.044101,0.000419,-0.003755,0.014773
2017-02-24,1173.680054,2367.340088,122.661682,1256.900024,0.005966,0.001493,0.001923,0.005359
2017-02-27,1179.969971,2369.750000,122.812378,1257.400024,0.005359,0.001018,0.001229,0.000398
2017-02-28,1179.969971,2363.639893,122.435684,1252.599976,0.000000,-0.002578,-0.003067,-0.003817
2017-03-01,1222.500000,2395.959961,123.772850,1248.900024,0.036043,0.013674,0.010921,-0.002954
2017-03-02,1251.010010,2381.919922,123.151344,1231.900024,0.023321,-0.005860,-0.005021,-0.013612
2017-03-03,1274.989990,2383.120117,123.377319,1225.500000,0.019168,0.000504,0.001835,-0.005195
2017-03-06,1272.829956,2375.310059,123.104233,1224.500000,-0.001694,-0.003277,-0.002213,-0.000816
2017-03-07,1223.540039,2368.389893,122.897079,1215.099976,-0.038725,-0.002913,-0.001683,-0.007677
2017-03-08,1150.000000,2362.979980,123.113693,1208.500000,-0.060104,-0.002284,0.001763,-0.005432
2017-03-09,1188.489990,2364.870117,123.207809,1202.400024,0.033470,0.000800,0.000764,-0.005048
2017-03-10,1116.719971,2372.600098,123.725777,1200.699951,-0.060388,0.003269,0.004204,-0.001414
2017-03-13,1231.920044,2373.469971,123.932922,1202.400024,0.103159,0.000367,0.001674,0.001416
2017-03-14,1240.000000,2365.449951,123.631592,1201.900024,0.006559,-0.003379,-0.002431,-0.000416
2017-03-15,1249.609985,2385.260010,124.394333,1200.099976,0.007750,0.008375,0.006169,-0.001498
2017-03-16,1187.810059,2381.379883,124.309578,1226.500000,-0.049455,-0.001627,-0.000681,0.021998
2017-03-17,1100.229980,2378.250000,124.266197,1229.800049,-0.073732,-0.001314,-0.000349,0.002691
2017-03-20,1054.229980,2373.469971,124.379456,1233.599976,-0.041809,-0.002010,0.000911,0.003090
2017-03-21,1120.540039,2344.020020,122.492188,1246.099976,0.062899,-0.012408,-0.015173,0.010133
2017-03-22,1049.140015,2348.449951,123.322586,1249.300049,-0.063719,0.001890,0.006779,0.002568
2017-03-23,1038.589966,2345.959961,123.011169,1246.900024,-0.010056,-0.001060,-0.002525,-0.001921
2017-03-24,937.520020,2343.979980,123.265953,1248.199951,-0.097315,-0.000844,0.002071,0.001043
2017-03-27,1045.770020,2341.590088,123.464111,1255.400024,0.115464,-0.001020,0.001608,0.005768
2017-03-28,1047.150024,2358.570068,124.219025,1255.300049,0.001320,0.007251,0.006114,-0.000080
2017-03-29,1039.969971,2361.129883,124.794640,1253.400024,-0.006857,0.001085,0.004634,-0.001514
2017-03-30,1026.430054,2368.060059,125.002159,1245.000000,-0.013020,0.002935,0.001663,-0.006702
2017-03-31,1071.790039,2362.719971,124.917297,1247.300049,0.044192,-0.002255,-0.000679,0.001847
2017-04-03,1143.810059,2358.840088,124.841789,1250.800049,0.067196,-0.001642,-0.000604,0.002806
2017-04-04,1133.250000,2360.159912,125.039948,1255.000000,-0.009232,0.000560,0.001587,0.003358
2017-04-05,1124.780029,2352.949951,124.530418,1245.400024,-0.007474,-0.003055,-0.004075,-0.007649
2017-04-06,1182.680054,2357.489990,124.596420,1250.300049,0.051477,0.001930,0.000530,0.003934
2017-04-07,1176.900024,2355.540039,124.530418,1254.300049,-0.004887,-0.000827,-0.000530,0.003199
2017-04-10,1187.130005,2357.159912,124.577606,1251.099976,0.008692,0.000688,0.000379,-0.002551
2017-04-11,1205.010010,2353.780029,124.039680,1271.199951,0.015062,-0.001434,-0.004318,0.016066
2017-04-12,1200.369995,2344.929932,123.539612,1275.300049,-0.003851,-0.003760,-0.004032,0.003225
2017-04-13,1169.280029,2328.949951,123.048935,1285.900024,-0.025900,-0.006815,-0.003972,0.008312
2017-04-17,1193.910034,2349.010010,124.068016,1289.400024,0.021064,0.008613,0.008282,0.002722
2017-04-18,1211.670044,2342.189941,123.879311,1291.699951,0.014876,-0.002903,-0.001521,0.001784
2017-04-19,1210.290039,2338.169922,124.077461,1281.400024,-0.001139,-0.001716,0.001600,-0.007974
2017-04-20,1229.079956,2355.840088,125.115486,1281.900024,0.015525,0.007557,0.008366,0.000390
2017-04-21,1222.050049,2348.689941,125.087158,1287.400024,-0.005720,-0.003035,-0.000226,0.004291
2017-04-24,1250.150024,2374.149902,126.596947,1275.800049,0.022994,0.010840,0.012070,-0.009010
2017-04-25,1265.489990,2388.610107,127.512283,1265.599976,0.012270,0.006091,0.007230,-0.007995
2017-04-26,1281.079956,2387.449951,127.332993,1262.099976,0.012319,-0.000486,-0.001406,-0.002765
2017-04-27,1317.729980,2388.770020,128.097275,1263.699951,0.028609,0.000553,0.006002,0.001268
2017-04-28,1316.479980,2384.199951,128.323807,1266.099976,-0.000949,-0.001913,0.001768,0.001899
2017-05-01,1421.599976,2388.330078,129.465546,1253.300049,0.079849,0.001732,0.008897,-0.010110
2017-05-02,1452.819946,2391.169922,129.682556,1255.099976,0.021961,0.001189,0.001676,0.001436
2017-05-03,1490.089966,2388.129883,129.267410,1246.400024,0.025654,-0.001271,-0.003201,-0.006932
2017-05-04,1537.670044,2389.520020,129.314590,1226.500000,0.031931,0.000582,0.000365,-0.015966
2017-05-05,1555.449951,2399.290039,129.786377,1224.800049,0.011563,0.004089,0.003648,-0.001386
2017-05-08,1723.349976,2399.379883,130.069489,1225.300049,0.107943,0.000037,0.002181,0.000408
2017-05-09,1755.359985,2396.919922,130.522461,1214.300049,0.018574,-0.001025,0.003483,-0.008977
2017-05-10,1787.130005,2399.629883,130.597916,1217.300049,0.018099,0.001131,0.000578,0.002471
2017-05-11,1848.569946,2394.439941,130.494110,1222.699951,0.034379,-0.002163,-0.000795,0.004436
2017-05-12,1724.239990,2390.899902,130.786682,1226.199951,-0.067257,-0.001478,0.002242,0.002863
2017-05-15,1738.430054,2402.320068,131.201859,1228.599976,0.008230,0.004777,0.003174,0.001957
2017-05-16,1734.449951,2400.669922,131.749176,1235.000000,-0.002289,-0.000687,0.004172,0.005209
2017-05-17,1839.089966,2357.030029,128.399261,1257.500000,0.060330,-0.018178,-0.025426,0.018219
2017-05-18,1888.650024,2365.719971,129.522156,1251.699951,0.026948,0.003687,0.008745,-0.004612
2017-05-19,1987.709961,2381.729980,130.069489,1252.699951,0.052450,0.006767,0.004226,0.000799
2017-05-22,2173.399902,2394.020020,131.164093,1260.699951,0.093419,0.005160,0.008416,0.006386
2017-05-23,2320.419922,2398.419922,131.296204,1254.800049,0.067645,0.001838,0.001007,-0.004680
2017-05-24,2443.639893,2404.389893,131.900116,1252.400024,0.053102,0.002489,0.004600,-0.001913
2017-05-25,2304.979980,2415.070068,133.023041,1255.800049,-0.056743,0.004442,0.008513,0.002715
2017-05-26,2202.419922,2415.820068,133.258972,1267.599976,-0.044495,0.000311,0.001774,0.009396
2017-05-30,2175.469971,2412.909912,133.372177,1262.099976,-0.012237,-0.001205,0.000850,-0.004339
2017-05-31,2286.409912,2411.800049,133.324997,1272.000000,0.050996,-0.000460,-0.000354,0.007844
2017-06-01,2407.879883,2430.060059,133.844009,1267.000000,0.053127,0.007571,0.003893,-0.003931
2017-06-02,2488.550049,2439.070068,135.372711,1276.800049,0.033503,0.003708,0.011422,0.007735
2017-06-05,2686.810059,2436.100098,135.344330,1279.300049,0.079669,-0.001218,-0.000210,0.001958
2017-06-06,2863.199951,2429.330078,134.806503,1294.400024,0.065650,-0.002779,-0.003974,0.011803
2017-06-07,2732.159912,2433.139893,135.334915,1290.099976,-0.045767,0.001568,0.003920,-0.003322
2017-06-08,2805.620117,2433.790039,135.476486,1276.300049,0.026887,0.000267,0.001046,-0.010697
2017-06-09,2823.810059,2431.770020,132.088837,1268.500000,0.006483,-0.000830,-0.025005,-0.006111
2017-06-12,2659.629883,2429.389893,131.381165,1266.099976,-0.058141,-0.000979,-0.005358,-0.001892
2017-06-13,2717.020020,2440.350098,132.447449,1265.800049,0.021578,0.004512,0.008116,-0.000237
2017-06-14,2506.370117,2437.919922,131.871811,1272.800049,-0.077530,-0.000996,-0.004346,0.005530
2017-06-15,2464.580078,2432.459961,131.286789,1252.199951,-0.016674,-0.002240,-0.004436,-0.016185
2017-06-16,2518.560059,2433.149902,130.717163,1254.000000,0.021902,0.000284,-0.004339,0.001438
2017-06-19,2589.600098,2453.459961,132.902924,1244.199951,0.028207,0.008347,0.016721,-0.007815
2017-06-20,2721.790039,2437.030029,131.862076,1241.000000,0.051046,-0.006697,-0.007832,-0.002572
2017-06-21,2689.100098,2435.610107,133.167816,1243.400024,-0.012010,-0.000583,0.009902,0.001934
2017-06-22,2705.409912,2434.500000,133.129959,1247.599976,0.006065,-0.000456,-0.000284,0.003378
2017-06-23,2744.909912,2438.300049,133.640915,1256.199951,0.014600,0.001561,0.003838,0.006893
2017-06-26,2478.449951,2439.070068,133.016403,1246.300049,-0.097074,0.000316,-0.004673,-0.007881
2017-06-27,2552.449951,2419.379883,130.603622,1246.400024,0.029857,-0.008073,-0.018139,0.000080
2017-06-28,2574.790039,2440.689941,132.486542,1248.000000,0.008752,0.008808,0.014417,0.001284
2017-06-29,2539.320068,2419.699951,130.187302,1244.199951,-0.013776,-0.008600,-0.017355,-0.003045
2017-06-30,2480.840088,2423.409912,130.234589,1240.699951,-0.023030,0.001533,0.000363,-0.002813
2017-07-03,2564.060059,2429.010010,128.862610,1217.900024,0.033545,0.002311,-0.010535,-0.018377
2017-07-05,2601.989990,2432.540039,130.130508,1220.400024,0.014793,0.001453,0.009839,0.002053
2017-07-06,2608.560059,2409.750000,128.957260,1222.199951,0.002525,-0.009369,-0.009016,0.001475
2017-07-07,2518.659912,2425.179932,130.348145,1208.599976,-0.034464,0.006403,0.010786,-0.011127
2017-07-10,2372.560059,2427.429932,131.199768,1212.099976,-0.058007,0.000928,0.006533,0.002896
2017-07-11,2337.790039,2425.530029,131.568741,1213.599976,-0.014655,-0.000783,0.002812,0.001238
2017-07-12,2398.840088,2443.250000,133.129959,1218.099976,0.026114,0.007306,0.011866,0.003708
2017-07-13,2357.899902,2447.830078,133.423248,1216.300049,-0.017067,0.001875,0.002203,-0.001478
2017-07-14,2233.340088,2459.270020,134.473526,1226.599976,-0.052827,0.004674,0.007872,0.008468
2017-07-17,2228.409912,2459.139893,134.539749,1232.800049,-0.002208,-0.000053,0.000492,0.005055
2017-07-18,2318.879883,2460.610107,135.438675,1241.099976,0.040598,0.000598,0.006681,0.006733
2017-07-19,2273.429932,2473.830078,136.233475,1241.199951,-0.019600,0.005373,0.005868,0.000081
2017-07-20,2817.600098,2473.449951,136.413269,1244.800049,0.239361,-0.000154,0.001320,0.002900
2017-07-21,2667.760010,2472.540039,136.356476,1254.300049,-0.053180,-0.000368,-0.000416,0.007632
2017-07-24,2754.860107,2469.909912,136.981003,1253.900024,0.032649,-0.001064,0.004580,-0.000319
2017-07-25,2576.479980,2477.129883,136.630905,1251.699951,-0.064751,0.002923,-0.002556,-0.001755
2017-07-26,2529.449951,2477.830078,137.075592,1249.000000,-0.018254,0.000283,0.003255,-0.002157
2017-07-27,2671.780029,2475.419922,136.214539,1259.599976,0.056269,-0.000973,-0.006282,0.008487
2017-07-28,2809.010010,2472.100098,136.101044,1268.400024,0.051363,-0.001341,-0.000833,0.006986
2017-07-31,2875.340088,2470.300049,135.523865,1266.599976,0.023613,-0.000728,-0.004241,-0.001419
2017-08-01,2718.260010,2476.350098,135.836090,1272.599976,-0.054630,0.002449,0.002304,0.004737
2017-08-02,2710.669922,2477.570068,136.205139,1271.800049,-0.002792,0.000493,0.002717,-0.000629
2017-08-03,2804.729980,2472.159912,135.675232,1267.800049,0.034700,-0.002184,-0.003891,-0.003145
2017-08-04,2895.889893,2476.830078,135.921249,1258.300049,0.032502,0.001889,0.001813,-0.007493
2017-08-07,3378.939941,2480.909912,136.782318,1258.199951,0.166805,0.001647,0.006335,-0.000080
2017-08-08,3419.939941,2474.919922,136.545715,1256.400024,0.012134,-0.002414,-0.001730,-0.001431
2017-08-09,3342.469971,2474.020020,136.365967,1273.000000,-0.022652,-0.000364,-0.001316,0.013212
2017-08-10,3381.280029,2438.209961,133.442184,1283.699951,0.011611,-0.014474,-0.021441,0.008405
2017-08-11,3650.620117,2441.320068,134.454666,1287.699951,0.079656,0.001276,0.007587,0.003116
2017-08-14,4325.129883,2465.840088,136.186127,1284.199951,0.184766,0.010044,0.012878,-0.002718
2017-08-15,4181.930176,2464.610107,136.280762,1273.699951,-0.033109,-0.000499,0.000695,-0.008176
2017-08-16,4376.629883,2468.110107,136.517303,1276.900024,0.046557,0.001420,0.001736,0.002512
2017-08-17,4331.689941,2430.010010,133.726059,1286.400024,-0.010268,-0.015437,-0.020446,0.007440
2017-08-18,4160.620117,2425.550049,133.631409,1285.699951,-0.039493,-0.001835,-0.000708,-0.000544
2017-08-21,4001.739990,2428.370117,133.461182,1290.800049,-0.038187,0.001163,-0.001274,0.003967
2017-08-22,4100.520020,2452.510010,135.495453,1285.099976,0.024684,0.009941,0.015242,-0.004416
2017-08-23,4151.520020,2444.040039,135.012909,1288.900024,0.012437,-0.003454,-0.003561,0.002957
2017-08-24,4334.680176,2438.969971,134.615509,1286.500000,0.044119,-0.002074,-0.002943,-0.001862
2017-08-25,4371.600098,2443.050049,134.331619,1292.500000,0.008517,0.001673,-0.002109,0.004664
2017-08-28,4382.660156,2444.239990,134.747971,1309.699951,0.002530,0.000487,0.003099,0.013308
2017-08-29,4579.020020,2446.300049,135.277847,1313.099976,0.044804,0.000843,0.003932,0.002596
2017-08-30,4565.299805,2457.590088,136.867432,1308.099976,-0.002996,0.004615,0.011751,-0.003808
2017-08-31,4703.390137,2471.649902,138.334045,1316.199951,0.030248,0.005721,0.010716,0.006192
2017-09-01,4892.009766,2476.550049,138.144821,1324.500000,0.040103,0.001983,-0.001368,0.006306
2017-09-05,4376.529785,2457.850098,136.905319,1339.199951,-0.105372,-0.007551,-0.008972,0.011098
2017-09-06,4597.120117,2465.540039,137.321609,1333.900024,0.050403,0.003129,0.003041,-0.003958
2017-09-07,4599.879883,2465.100098,137.643311,1345.099976,0.000600,-0.000178,0.002343,0.008396
2017-09-08,4228.750000,2461.429932,136.451065,1346.000000,-0.080683,-0.001489,-0.008662,0.000669
2017-09-11,4161.270020,2488.110107,138.021790,1331.000000,-0.015957,0.010839,0.011511,-0.011144
2017-09-12,4130.810059,2496.479980,138.352982,1328.000000,-0.007320,0.003364,0.002400,-0.002254
2017-09-13,3882.590088,2498.370117,138.542206,1323.400024,-0.060090,0.000757,0.001368,-0.003464
2017-09-14,3154.949951,2495.620117,137.728485,1324.699951,-0.187411,-0.001101,-0.005873,0.000982
2017-09-15,3637.520020,2500.229980,138.201584,1320.400024,0.152956,0.001847,0.003435,-0.003246
2017-09-18,4065.199951,2503.870117,138.020462,1306.300049,0.117575,0.001456,-0.001311,-0.010679
2017-09-19,3924.969971,2506.649902,138.257523,1306.199951,-0.034495,0.001110,0.001718,-0.000077
2017-09-20,3905.949951,2508.239990,137.830826,1312.000000,-0.004846,0.000634,-0.003086,0.004440
2017-09-21,3631.040039,2500.600098,136.986847,1290.599976,-0.070382,-0.003046,-0.006123,-0.016311
2017-09-22,3630.699951,2502.219971,136.854080,1293.300049,-0.000094,0.000648,-0.000969,0.002092
2017-09-25,3926.070068,2496.659912,135.412689,1306.800049,0.081353,-0.002222,-0.010532,0.010438
2017-09-26,3892.350098,2496.840088,135.763611,1297.000000,-0.008589,0.000072,0.002591,-0.007499
2017-09-27,4200.669922,2507.040039,136.986847,1283.400024,0.079212,0.004085,0.009010,-0.010486
2017-09-28,4174.729980,2510.060059,136.939438,1285.500000,-0.006175,0.001205,-0.000346,0.001636
2017-09-29,4163.069824,2519.360107,137.925629,1281.500000,-0.002793,0.003705,0.007202,-0.003112
2017-10-02,4409.319824,2529.120117,138.048920,1272.699951,0.059151,0.003874,0.000894,-0.006867
2017-10-03,4317.479980,2534.580078,138.342880,1271.500000,-0.020829,0.002159,0.002129,-0.000943
2017-10-04,4229.359863,2537.739990,138.475601,1273.699951,-0.020410,0.001247,0.000959,0.001730
2017-10-05,4328.410156,2552.070068,139.831665,1269.900024,0.023420,0.005647,0.009793,-0.002983
2017-10-06,4370.810059,2549.330078,140.021347,1271.599976,0.009796,-0.001074,0.001357,0.001339
2017-10-09,4772.020020,2544.729980,139.860123,1281.800049,0.091793,-0.001804,-0.001151,0.008021
2017-10-10,4781.990234,2550.639893,139.964432,1290.599976,0.002089,0.002322,0.000746,0.006865
2017-10-11,4826.479980,2555.239990,140.381638,1285.800049,0.009304,0.001804,0.002981,-0.003719
2017-10-12,5446.910156,2550.929932,140.125656,1293.300049,0.128547,-0.001687,-0.001823,0.005833
2017-10-13,5647.209961,2553.169922,140.666122,1301.500000,0.036773,0.000878,0.003857,0.006340
2017-10-16,5725.589844,2557.639893,141.149734,1299.900024,0.013879,0.001751,0.003438,-0.001229
2017-10-17,5605.509766,2559.360107,141.329926,1283.000000,-0.020973,0.000673,0.001277,-0.013001
2017-10-18,5590.689941,2561.260010,141.159225,1279.900024,-0.002644,0.000742,-0.001208,-0.002416
2017-10-19,5708.520020,2562.100098,140.637711,1286.900024,0.021076,0.000328,-0.003695,0.005469
2017-10-20,6011.450195,2575.209961,141.016998,1277.400024,0.053066,0.005117,0.002697,-0.007382
2017-10-23,5930.319824,2564.979980,140.097183,1277.699951,-0.013496,-0.003972,-0.006523,0.000235
2017-10-24,5526.640137,2569.129883,140.334259,1275.000000,-0.068070,0.001618,0.001692,-0.002113
2017-10-25,5750.799805,2557.149902,139.803192,1275.400024,0.040560,-0.004663,-0.003784,0.000314
2017-10-26,5904.830078,2560.399902,139.357513,1266.300049,0.026784,0.001271,-0.003188,-0.007135
2017-10-27,5780.899902,2581.070068,143.416122,1268.500000,-0.020988,0.008073,0.029124,0.001737
2017-10-30,6130.529785,2572.830078,143.738541,1274.099976,0.060480,-0.003192,0.002248,0.004415
2017-10-31,6468.399902,2575.260010,144.279037,1267.000000,0.055113,0.000944,0.003760,-0.005573
2017-11-01,6767.310059,2579.360107,144.231644,1274.099976,0.046211,0.001592,-0.000328,0.005604
2017-11-02,7078.500000,2579.850098,143.956604,1274.900024,0.045984,0.000190,-0.001907,0.000628
2017-11-03,7207.759766,2587.840088,145.341125,1266.500000,0.018261,0.003097,0.009618,-0.006589
2017-11-06,7022.759766,2591.129883,145.834183,1279.400024,-0.025667,0.001271,0.003392,0.010186
2017-11-07,7144.379883,2590.639893,145.919556,1273.699951,0.017318,-0.000189,0.000585,-0.004455
2017-11-08,7459.689941,2594.379883,146.507477,1281.599976,0.044134,0.001444,0.004029,0.006202
2017-11-09,7143.580078,2584.620117,145.739380,1285.599976,-0.042376,-0.003762,-0.005243,0.003121
2017-11-10,6618.140137,2582.300049,145.729858,1272.400024,-0.073554,-0.000898,-0.000065,-0.010268
2017-11-13,6559.490234,2584.840088,145.910080,1277.300049,-0.008862,0.000984,0.001237,0.003851
2017-11-14,6635.750000,2578.870117,145.379028,1281.500000,0.011626,-0.002310,-0.003640,0.003288
2017-11-15,7315.540039,2564.620117,144.696243,1276.500000,0.102444,-0.005526,-0.004697,-0.003902
2017-11-16,7871.689941,2585.639893,146.545334,1277.400024,0.076023,0.008196,0.012779,0.000705
2017-11-17,7708.990234,2578.850098,145.985977,1295.800049,-0.020669,-0.002626,-0.003817,0.014404
2017-11-20,8200.639648,2582.139893,145.872131,1274.599976,0.063776,0.001276,-0.000780,-0.016361
2017-11-21,8071.259766,2599.030029,147.455704,1281.099976,-0.015777,0.006541,0.010856,0.005100
2017-11-22,8253.549805,2597.080078,147.635956,1291.599976,0.022585,-0.000750,0.001222,0.008196
2017-11-24,8253.690430,2602.419922,148.176407,1286.699951,0.000017,0.002056,0.003661,-0.003794
2017-11-27,9818.349609,2601.419922,148.110046,1293.800049,0.189571,-0.000384,-0.000448,0.005518
2017-11-28,10058.799805,2627.040039,148.489365,1294.699951,0.024490,0.009849,0.002561,0.000696
2017-11-29,9888.610352,2626.070068,145.900589,1282.099976,-0.016919,-0.000369,-0.017434,-0.009732
2017-11-30,10233.599609,2647.580078,147.123856,1273.199951,0.034888,0.008191,0.008384,-0.006942
2017-12-01,10975.599609,2642.219971,146.497986,1278.800049,0.072506,-0.002025,-0.004254,0.004398
2017-12-04,11657.200195,2639.439941,144.810043,1274.300049,0.062101,-0.001052,-0.011522,-0.003519
2017-12-05,11916.700195,2629.570068,144.904877,1261.599976,0.022261,-0.003739,0.000655,-0.009966
2017-12-06,14291.500000,2629.270020,145.559189,1262.800049,0.199283,-0.000114,0.004515,0.000951
2017-12-07,17899.699219,2636.979980,146.052307,1249.800049,0.252472,0.002932,0.003388,-0.010295
2017-12-08,16569.400391,2651.500000,146.697159,1245.199951,-0.074320,0.005506,0.004415,-0.003681
2017-12-11,16936.800781,2659.989990,147.835037,1243.699951,0.022173,0.003202,0.007757,-0.001205
2017-12-12,17415.400391,2664.110107,147.635956,1238.500000,0.028258,0.001549,-0.001347,-0.004181
2017-12-13,16408.199219,2662.850098,147.920425,1245.400024,-0.057834,-0.000473,0.001927,0.005571
2017-12-14,16564.000000,2652.010010,147.816101,1253.800049,0.009495,-0.004071,-0.000705,0.006745
2017-12-15,17706.900391,2675.810059,149.494492,1254.300049,0.068999,0.008974,0.011355,0.000399
2017-12-18,19114.199219,2690.159912,150.747879,1262.199951,0.079477,0.005363,0.008384,0.006298
2017-12-19,17776.699219,2681.469971,149.854691,1260.699951,-0.069974,-0.003230,-0.005925,-0.001188
2017-12-20,16624.599609,2679.250000,149.693130,1266.099976,-0.064810,-0.000828,-0.001078,0.004283
2017-12-21,15802.900391,2684.570068,149.712112,1267.300049,-0.049427,0.001986,0.000127,0.000948
2017-12-22,13831.799805,2683.340088,149.541092,1275.400024,-0.124730,-0.000458,-0.001142,0.006392
2017-12-26,16099.799805,2680.500000,148.733414,1284.099976,0.163970,-0.001058,-0.005401,0.006821
2017-12-27,15838.500000,2682.620117,148.752335,1287.000000,-0.016230,0.000791,0.000127,0.002258
2017-12-28,14606.500000,2687.540039,148.932861,1294.099976,-0.077785,0.001834,0.001214,0.005517
2017-12-29,14656.200195,2673.610107,148.011154,1306.300049,0.003403,-0.005183,-0.006189,0.009427
2018-01-02,14982.099609,2695.810059,150.605347,1313.699951,0.022236,0.008303,0.017527,0.005665
2018-01-03,15201.000000,2713.060059,152.068771,1316.199951,0.014611,0.006399,0.009717,0.001903
2018-01-04,15599.200195,2723.989990,152.334808,1319.400024,0.026196,0.004029,0.001749,0.002431
2018-01-05,17429.500000,2743.149902,153.864700,1320.300049,0.117333,0.007034,0.010043,0.000682
2018-01-08,15170.099609,2747.709961,154.463379,1318.599976,-0.129631,0.001662,0.003891,-0.001288
2018-01-09,14595.400391,2751.290039,154.472931,1311.699951,-0.037884,0.001303,0.000062,-0.005233
2018-01-10,14973.299805,2748.229980,154.111771,1317.400024,0.025892,-0.001112,-0.002338,0.004346
2018-01-11,13405.799805,2767.560059,155.166534,1320.599976,-0.104686,0.007034,0.006844,0.002429
2018-01-12,13980.599609,2786.239990,156.306885,1333.400024,0.042877,0.006750,0.007349,0.009693
2018-01-16,11490.500000,2776.419922,155.860245,1335.400024,-0.178111,-0.003524,-0.002857,0.001500
2018-01-17,11188.599609,2802.560059,157.542191,1338.000000,-0.026274,0.009415,0.010791,0.001947
2018-01-18,11474.900391,2798.030029,157.570709,1326.000000,0.025589,-0.001616,0.000181,-0.008969
2018-01-19,11607.400391,2810.300049,158.064880,1331.900024,0.011547,0.004385,0.003136,0.004449
2018-01-22,10931.400391,2832.969971,159.756287,1330.900024,-0.058239,0.008067,0.010701,-0.000751
2018-01-23,10868.400391,2839.129883,161.077133,1335.699951,-0.005763,0.002174,0.008268,0.003607
2018-01-24,11359.400391,2837.540039,160.031845,1355.900024,0.045177,-0.000560,-0.006489,0.015123
2018-01-25,11259.400391,2839.250000,159.974869,1362.400024,-0.008803,0.000603,-0.000356,0.004794
2018-01-26,11171.400391,2872.870117,162.426468,1351.599976,-0.007816,0.011841,0.015325,-0.007927
2018-01-30,10106.299805,2822.429932,160.307419,1335.400024,-0.095342,-0.017557,-0.013046,-0.011986
2018-01-31,10221.099609,2823.810059,160.972626,1339.000000,0.011359,0.000489,0.004150,0.002696
2018-02-01,9170.540039,2821.979980,159.604233,1344.300049,-0.102783,-0.000648,-0.008501,0.003958
2018-02-02,8830.750000,2762.129883,156.420898,1333.699951,-0.037052,-0.021209,-0.019945,-0.007885
2018-02-05,6955.270020,2648.939941,150.253784,1333.000000,-0.212381,-0.040979,-0.039426,-0.000525
2018-02-06,7754.000000,2695.139893,154.235321,1326.099976,0.114838,0.017441,0.026499,-0.005176
2018-02-07,7621.299805,2681.659912,152.239792,1311.599976,-0.017114,-0.005002,-0.012938,-0.010934
2018-02-08,8265.589844,2581.000000,145.816055,1316.900024,0.084538,-0.037536,-0.042195,0.004041
2018-02-09,8736.980469,2619.550049,148.334274,1313.099976,0.057030,0.014936,0.017270,-0.002886
2018-02-12,8926.570312,2656.000000,150.966461,1324.199951,0.021700,0.013915,0.017745,0.008453
2018-02-13,8598.309570,2662.939941,151.745667,1328.099976,-0.036773,0.002613,0.005161,0.002945
2018-02-14,9494.629883,2698.629883,154.586929,1355.500000,0.104244,0.013402,0.018724,0.020631
2018-02-15,10166.400391,2731.199951,157.456680,1352.099976,0.070753,0.012069,0.018564,-0.002508
2018-02-16,10233.900391,2732.219971,156.753510,1353.199951,0.006640,0.000373,-0.004466,0.000814
2018-02-20,11403.700195,2716.260010,157.067032,1328.800049,0.114306,-0.005841,0.002000,-0.018031
2018-02-21,10690.400391,2701.330078,156.620514,1330.000000,-0.062550,-0.005497,-0.002843,0.000903
2018-02-22,10005.000000,2703.959961,156.601425,1330.599976,-0.064114,0.000974,-0.000122,0.000451
2018-02-23,10301.099609,2747.300049,159.803772,1328.199951,0.029595,0.016028,0.020449,-0.001804
2018-02-26,10366.700195,2779.600098,161.922852,1330.699951,0.006368,0.011757,0.013261,0.001882
2018-02-27,10725.599609,2744.280029,159.917786,1315.500000,0.034620,-0.012707,-0.012383,-0.011423
2018-02-28,10397.900391,2713.830078,158.891556,1315.500000,-0.030553,-0.011096,-0.006417,0.000000
2018-03-01,10951.000000,2677.669922,156.297333,1302.900024,0.053193,-0.013324,-0.016327,-0.009578
2018-03-02,11086.400391,2691.250000,157.732239,1321.099976,0.012364,0.005072,0.009181,0.013969
2018-03-05,11573.299805,2720.939941,159.480667,1318.099976,0.043919,0.011032,0.011085,-0.002271
2018-03-06,10779.900391,2728.120117,160.155411,1333.599976,-0.068554,0.002639,0.004231,0.011759
2018-03-07,9965.570312,2726.800049,160.525940,1326.000000,-0.075542,-0.000484,0.002314,-0.005699
2018-03-08,9395.009766,2738.969971,161.409729,1319.900024,-0.057253,0.004463,0.005506,-0.004600
2018-03-09,9337.549805,2786.570068,164.545563,1322.400024,-0.006116,0.017379,0.019428,0.001894
2018-03-12,9205.120117,2783.020020,165.419754,1319.400024,-0.014182,-0.001274,0.005313,-0.002269
2018-03-13,9194.849609,2765.310059,163.167679,1325.900024,-0.001116,-0.006364,-0.013614,0.004926
2018-03-14,8269.809570,2749.479980,163.139191,1324.400024,-0.100604,-0.005725,-0.000175,-0.001131
2018-03-15,8300.860352,2747.330078,162.996613,1316.800049,0.003755,-0.000782,-0.000874,-0.005738
2018-03-16,8338.349609,2752.010010,162.512039,1311.300049,0.004516,0.001703,-0.002973,-0.004177
2018-03-19,8630.650391,2712.919922,159.044601,1316.800049,0.035055,-0.014204,-0.021336,0.004194
2018-03-20,8913.469727,2716.939941,159.568115,1311.099976,0.032769,0.001482,0.003292,-0.004329
2018-03-21,8929.280273,2711.929932,158.873306,1320.699951,0.001774,-0.001844,-0.004354,0.007322
2018-03-22,8728.469727,2643.689941,154.951935,1326.599976,-0.022489,-0.025163,-0.024682,0.004467
2018-03-23,8879.620117,2588.260010,150.868774,1349.300049,0.017317,-0.020967,-0.026351,0.017111
2018-03-26,8209.400391,2658.550049,156.474792,1354.400024,-0.075478,0.027157,0.037158,0.003780
2018-03-27,7833.040039,2612.620117,151.411255,1341.300049,-0.045845,-0.017276,-0.032360,-0.009672
2018-03-28,7954.479980,2605.000000,149.669449,1324.199951,0.015504,-0.002917,-0.011504,-0.012749
2018-03-29,7165.700195,2640.870117,152.410660,1322.800049,-0.099162,0.013770,0.018315,-0.001057
2018-04-02,7083.799805,2581.879883,148.013367,1342.099976,-0.011430,-0.022337,-0.028852,0.014590
2018-04-03,7456.109863,2614.449951,149.678986,1332.800049,0.052558,0.012615,0.011253,-0.006929
2018-04-04,6853.839844,2644.689941,152.039413,1335.800049,-0.080775,0.011566,0.015770,0.002251
2018-04-05,6811.470215,2662.840088,152.905548,1324.300049,-0.006182,0.006863,0.005697,-0.008609
2018-04-06,6636.319824,2604.469971,149.079391,1331.900024,-0.025714,-0.021920,-0.025023,0.005739
2018-04-09,6770.729980,2613.159912,150.126282,1336.300049,0.020254,0.003337,0.007022,0.003304
2018-04-10,6834.759766,2656.870117,153.438553,1342.000000,0.009457,0.016727,0.022063,0.004265
2018-04-11,6968.319824,2642.189941,152.553375,1356.500000,0.019541,-0.005525,-0.005769,0.010805
2018-04-12,7889.250000,2663.989990,154.390350,1338.400024,0.132160,0.008251,0.012042,-0.013343
2018-04-13,7895.959961,2656.300049,153.590851,1344.800049,0.000851,-0.002887,-0.005178,0.004782
2018-04-16,8058.669922,2677.840088,154.761551,1347.500000,0.020607,0.008109,0.007622,0.002008
2018-04-17,7902.089844,2706.389893,158.092834,1347.199951,-0.019430,0.010662,0.021525,-0.000223
2018-04-18,8163.419922,2708.639893,158.416428,1351.199951,0.033071,0.000831,0.002047,0.002969
2018-04-19,8294.309570,2693.129883,156.960175,1346.800049,0.016034,-0.005726,-0.009193,-0.003256
2018-04-20,8845.830078,2670.139893,154.475998,1336.699951,0.066494,-0.008537,-0.015827,-0.007499
2018-04-23,8930.879883,2670.290039,154.085800,1322.500000,0.009615,0.000056,-0.002526,-0.010623
2018-04-24,9697.500000,2634.560059,150.821121,1331.400024,0.085839,-0.013381,-0.021187,0.006730
2018-04-25,8845.740234,2639.399902,151.001968,1321.199951,-0.087833,0.001837,0.001199,-0.007661
2018-04-26,9281.509766,2666.939941,154.180969,1316.300049,0.049263,0.010434,0.021053,-0.003709
2018-04-27,8987.049805,2669.909912,154.276138,1320.300049,-0.031725,0.001114,0.000617,0.003039
2018-04-30,9240.549805,2648.050049,153.181580,1316.199951,0.028207,-0.008187,-0.007095,-0.003105
2018-05-01,9119.009766,2654.800049,154.932861,1303.800049,-0.013153,0.002549,0.011433,-0.009421
2018-05-02,9235.919922,2635.669922,154.019165,1302.599976,0.012820,-0.007206,-0.005897,-0.000920
2018-05-03,9743.860352,2629.729980,154.000122,1310.699951,0.054996,-0.002254,-0.000124,0.006218
2018-05-04,9700.759766,2663.419922,156.922104,1312.699951,-0.004423,0.012811,0.018974,0.001526
2018-05-07,9373.009766,2672.629883,158.226105,1312.199951,-0.033786,0.003458,0.008310,-0.000381
2018-05-08,9234.820312,2671.919922,158.064285,1312.000000,-0.014743,-0.000266,-0.001023,-0.000152
2018-05-09,9325.179688,2697.790039,159.786987,1311.300049,0.009785,0.009682,0.010899,-0.000533
2018-05-10,9043.940430,2723.070068,161.443130,1320.800049,-0.030159,0.009371,0.010365,0.007245
2018-05-11,8441.490234,2727.719971,161.290894,1319.000000,-0.066614,0.001708,-0.000943,-0.001363
2018-05-14,8716.790039,2730.129883,161.566864,1316.500000,0.032613,0.000883,0.001711,-0.001895
2018-05-15,8510.379883,2711.449951,159.777527,1288.900024,-0.023680,-0.006842,-0.011075,-0.020965
2018-05-16,8368.830078,2722.459961,160.834015,1290.199951,-0.016633,0.004061,0.006612,0.001009
2018-05-17,8094.319824,2720.129883,160.215347,1288.199951,-0.032802,-0.000856,-0.003847,-0.001550
2018-05-18,8250.969727,2712.969971,159.387283,1290.199951,0.019353,-0.002632,-0.005168,0.001553
2018-05-21,8418.990234,2733.010010,160.281952,1290.199951,0.020364,0.007387,0.005613,0.000000
2018-05-22,8041.779785,2724.439941,160.072571,1291.699951,-0.044805,-0.003136,-0.001306,0.001163
2018-05-23,7557.819824,2733.290039,161.424088,1289.300049,-0.060181,0.003248,0.008443,-0.001858
2018-05-24,7587.339844,2727.760010,161.376480,1303.699951,0.003906,-0.002023,-0.000295,0.011169
2018-05-25,7480.140137,2721.330078,161.538330,1303.300049,-0.014129,-0.002357,0.001003,-0.000307
2018-05-29,7472.589844,2689.860107,160.824478,1298.699951,-0.001009,-0.011564,-0.004419,-0.003530
2018-05-30,7406.520020,2724.010010,161.976196,1301.500000,-0.008842,0.012696,0.007161,0.002156
2018-05-31,7494.169922,2705.270020,161.871460,1300.099976,0.011834,-0.006880,-0.000647,-0.001076
2018-06-01,7541.450195,2734.620117,164.412750,1294.800049,0.006309,0.010849,0.015699,-0.004077
2018-06-04,7514.470215,2746.870117,165.897552,1293.099976,-0.003578,0.004480,0.009031,-0.001313
2018-06-05,7633.759766,2748.800049,166.411469,1297.500000,0.015875,0.000703,0.003098,0.003403
2018-06-06,7653.979980,2772.350098,167.382278,1297.099976,0.002649,0.008567,0.005834,-0.000308
2018-06-07,7678.240234,2770.370117,166.021240,1298.699951,0.003170,-0.000714,-0.008131,0.001234
2018-06-08,7624.919922,2779.030029,166.030807,1298.099976,-0.006944,0.003126,0.000058,-0.000462
2018-06-11,6906.919922,2782.000000,166.478104,1298.900024,-0.094165,0.001069,0.002694,0.000616
2018-06-12,6582.359863,2786.850098,167.353806,1295.099976,-0.046991,0.001743,0.005260,-0.002926
2018-06-13,6349.899902,2775.629883,167.344223,1296.900024,-0.035316,-0.004026,-0.000057,0.001390
2018-06-14,6675.350098,2782.489990,169.038467,1304.000000,0.051253,0.002472,0.010124,0.005475
2018-06-15,6456.580078,2779.659912,168.448364,1274.599976,-0.032773,-0.001017,-0.003491,-0.022546
2018-06-18,6734.819824,2773.750000,168.351044,1276.199951,0.043094,-0.002126,-0.000578,0.001255
2018-06-19,6769.939941,2762.590088,167.874130,1275.599976,0.005215,-0.004023,-0.002833,-0.000470
2018-06-20,6776.549805,2767.320068,169.066437,1271.199951,0.000976,0.001712,0.007102,-0.003449
2018-06-21,6729.740234,2749.760010,167.597504,1267.199951,-0.006908,-0.006346,-0.008688,-0.003147
2018-06-22,6083.689941,2754.879883,167.225479,1267.400024,-0.095999,0.001862,-0.002220,0.000158
2018-06-25,6249.180176,2717.070068,163.457916,1265.599976,0.027202,-0.013725,-0.022530,-0.001420
2018-06-26,6093.669922,2723.060059,164.125549,1256.599976,-0.024885,0.002205,0.004084,-0.007111
2018-06-27,6157.129883,2699.629883,161.893631,1252.800049,0.010414,-0.008604,-0.013599,-0.003024
2018-06-28,5903.439941,2716.310059,163.286240,1247.800049,-0.041203,0.006179,0.008602,-0.003991
2018-06-29,6218.299805,2718.370117,163.724915,1251.300049,0.053335,0.000758,0.002687,0.002805
2018-07-02,6614.180176,2726.709961,164.821854,1239.800049,0.063664,0.003068,0.006700,-0.009190
2018-07-03,6529.589844,2713.219971,162.914215,1251.599976,-0.012789,-0.004947,-0.011574,0.009518
2018-07-05,6639.140137,2736.610107,164.936325,1257.300049,0.016778,0.008621,0.012412,0.004554
2018-07-06,6673.500000,2759.820068,167.502121,1254.300049,0.005175,0.008481,0.015556,-0.002386
2018-07-09,6741.750000,2784.169922,169.009201,1258.099976,0.010227,0.008823,0.008997,0.003030
2018-07-10,6329.950195,2793.840088,169.133179,1253.800049,-0.061082,0.003473,0.000734,-0.003418
2018-07-11,6394.709961,2774.020020,168.274704,1242.800049,0.010231,-0.007094,-0.005076,-0.008773
2018-07-12,6228.810059,2798.290039,171.174408,1245.000000,-0.025943,0.008749,0.017232,0.001770
2018-07-13,6238.049805,2801.310059,171.317459,1239.599976,0.001483,0.001079,0.000836,-0.004337
2018-07-16,6741.750000,2798.429932,170.907288,1238.099976,0.080746,-0.001028,-0.002394,-0.001210
2018-07-17,7321.040039,2809.550049,171.947021,1225.699951,0.085926,0.003974,0.006084,-0.010015
2018-07-18,7370.779785,2815.620117,171.622650,1226.300049,0.006794,0.002161,-0.001886,0.000490
2018-07-19,7466.859863,2804.489990,170.764267,1222.400024,0.013035,-0.003953,-0.005002,-0.003180
2018-07-20,7354.129883,2801.830078,170.726074,1229.500000,-0.015097,-0.000948,-0.000224,0.005808
2018-07-23,7711.109863,2806.979980,171.269745,1224.000000,0.048541,0.001838,0.003184,-0.004473
2018-07-24,8424.269531,2820.399902,171.975571,1223.900024,0.092485,0.004781,0.004121,-0.000082
2018-07-25,8181.390137,2846.070068,174.379257,1231.400024,-0.028831,0.009102,0.013977,0.006128
2018-07-26,7951.580078,2837.439941,171.737137,1225.300049,-0.028089,-0.003032,-0.015152,-0.004954
2018-07-27,8165.009766,2818.820068,169.419357,1222.599976,0.026841,-0.006562,-0.013496,-0.002204
2018-07-30,8180.479980,2802.600098,167.025223,1221.300049,0.001895,-0.005754,-0.014131,-0.001063
2018-07-31,7780.439941,2816.290039,168.303329,1223.699951,-0.048902,0.004885,0.007652,0.001965
2018-08-01,7624.910156,2813.360107,168.942413,1217.900024,-0.019990,-0.001040,0.003797,-0.004740
2018-08-02,7567.149902,2827.219971,171.241180,1210.599976,-0.007575,0.004926,0.013607,-0.005994
2018-08-03,7434.390137,2840.350098,171.765778,1214.199951,-0.017544,0.004644,0.003063,0.002974
2018-08-06,6951.799805,2850.399902,172.776779,1208.599976,-0.064913,0.003538,0.005886,-0.004612
2018-08-07,6753.120117,2858.449951,173.406372,1209.599976,-0.028580,0.002824,0.003644,0.000827
2018-08-08,6305.799805,2857.699951,173.616226,1212.599976,-0.066239,-0.000262,0.001210,0.002480
2018-08-09,6568.229980,2853.580078,173.511276,1211.900024,0.041617,-0.001442,-0.000604,-0.000577
2018-08-10,6184.709961,2833.280029,172.185394,1211.099976,-0.058390,-0.007114,-0.007641,-0.000660
2018-08-13,6297.569824,2821.929932,171.994675,1191.300049,0.018248,-0.004006,-0.001108,-0.016349
2018-08-14,6199.709961,2839.959961,173.072479,1193.000000,-0.015539,0.006389,0.006266,0.001427
2018-08-15,6308.520020,2818.370117,170.955048,1177.500000,0.017551,-0.007602,-0.012234,-0.012992
2018-08-16,6334.729980,2840.689941,171.517776,1176.199951,0.004155,0.007919,0.003292,-0.001104
2018-08-17,6580.629883,2850.129883,171.555878,1176.500000,0.038818,0.003323,0.000222,0.000255
2018-08-20,6308.529785,2857.050049,171.403305,1186.800049,-0.041349,0.002428,-0.000889,0.008755
2018-08-21,6488.759766,2862.959961,172.032837,1192.599976,0.028569,0.002069,0.003673,0.004887
2018-08-22,6376.709961,2861.820068,172.700516,1196.300049,-0.017268,-0.000398,0.003881,0.003103
2018-08-23,6534.879883,2856.979980,172.452515,1187.000000,0.024804,-0.001691,-0.001436,-0.007774
2018-08-24,6719.959961,2874.689941,174.054901,1206.300049,0.028322,0.006199,0.009292,0.016260
2018-08-27,6884.640137,2896.739990,175.829041,1209.000000,0.024506,0.007670,0.010193,0.002238
2018-08-28,7096.279785,2897.520020,176.086624,1207.400024,0.030741,0.000269,0.001465,-0.001323
2018-08-29,7047.160156,2914.040039,178.118256,1204.500000,-0.006922,0.005701,0.011538,-0.002402
2018-08-30,6978.229980,2901.129883,177.803467,1197.699951,-0.009781,-0.004430,-0.001767,-0.005646
2018-08-31,7037.580078,2901.520020,178.032394,1200.300049,0.008505,0.000134,0.001288,0.002171
2018-09-04,7361.660156,2896.719971,177.269363,1192.699951,0.046050,-0.001654,-0.004286,-0.006332
2018-09-05,6792.830078,2888.600098,174.980133,1194.900024,-0.077269,-0.002803,-0.012914,0.001845
2018-09-06,6529.169922,2878.050049,173.415894,1197.900024,-0.038814,-0.003652,-0.008940,0.002511
2018-09-07,6467.069824,2871.679932,172.748199,1193.599976,-0.009511,-0.002213,-0.003850,-0.003590
2018-09-10,6329.700195,2877.129883,173.330002,1193.000000,-0.021241,0.001898,0.003368,-0.000503
2018-09-11,6321.200195,2887.889893,174.665405,1195.400024,-0.001343,0.003740,0.007704,0.002012
2018-09-12,6351.799805,2888.919922,174.150391,1204.699951,0.004841,0.000357,-0.002949,0.007780
2018-09-13,6517.310059,2904.179932,176.010315,1202.000000,0.026057,0.005282,0.010680,-0.002241
2018-09-14,6512.709961,2904.979980,175.495209,1195.000000,-0.000706,0.000275,-0.002927,-0.005824
2018-09-17,6281.200195,2888.800049,172.967575,1199.699951,-0.035547,-0.005570,-0.014403,0.003933
2018-09-18,6371.299805,2904.310059,174.398346,1196.800049,0.014344,0.005369,0.008272,-0.002417
2018-09-19,6398.540039,2907.949951,174.264771,1202.199951,0.004275,0.001253,-0.000766,0.004512
2018-09-20,6519.669922,2930.750000,176.191528,1206.199951,0.018931,0.007841,0.011056,0.003327
2018-09-21,6734.950195,2929.669922,175.228165,1196.199951,0.033020,-0.000369,-0.005468,-0.008290
2018-09-24,6595.410156,2919.370117,175.715485,1199.300049,-0.020719,-0.003516,0.002781,0.002592
2018-09-25,6446.470215,2915.560059,175.954376,1200.000000,-0.022582,-0.001305,0.001360,0.000584
2018-09-26,6495.000000,2905.969971,176.078568,1194.000000,0.007528,-0.003289,0.000706,-0.005000
2018-09-27,6676.750000,2914.000000,177.569244,1182.300049,0.027983,0.002763,0.008466,-0.009799
2018-09-28,6644.129883,2913.979980,177.531052,1191.500000,-0.004886,-0.000007,-0.000215,0.007781
2018-10-01,6589.620117,2924.590088,177.894135,1187.099976,-0.008204,0.003641,0.002045,-0.003693
2018-10-02,6556.100098,2923.429932,177.492813,1202.400024,-0.005087,-0.000397,-0.002256,0.012889
2018-10-03,6502.589844,2925.510010,177.683899,1198.300049,-0.008162,0.000712,0.001077,-0.003410
2018-10-04,6576.689941,2901.610107,174.272614,1197.199951,0.011395,-0.008169,-0.019199,-0.000918
2018-10-05,6622.479980,2885.570068,172.141724,1201.199951,0.006962,-0.005528,-0.012227,0.003341
2018-10-08,6652.229980,2884.429932,171.090652,1184.400024,0.004492,-0.000395,-0.006106,-0.013986
2018-10-09,6642.640137,2880.340088,171.644836,1187.199951,-0.001442,-0.001418,0.003239,0.002364
2018-10-10,6585.529785,2785.679932,164.096024,1189.300049,-0.008598,-0.032864,-0.043979,0.001769
2018-10-11,6256.240234,2728.370117,162.060699,1223.500000,-0.050002,-0.020573,-0.012403,0.028756
2018-10-12,6274.580078,2767.129883,166.570908,1218.099976,0.002931,0.014206,0.027830,-0.004414
2018-10-15,6596.540039,2750.790039,164.554703,1226.400024,0.051312,-0.005905,-0.012104,0.006814
2018-10-16,6596.109863,2809.919922,169.341965,1227.300049,-0.000065,0.021496,0.029092,0.000734
2018-10-17,6544.430176,2809.209961,169.408890,1223.699951,-0.007835,-0.000253,0.000395,-0.002933
2018-10-18,6476.709961,2768.780029,165.481613,1226.500000,-0.010348,-0.014392,-0.023182,0.002288
2018-10-19,6465.410156,2767.780029,165.328705,1225.300049,-0.001745,-0.000361,-0.000924,-0.000978
2018-10-22,6487.160156,2755.879883,166.179169,1221.199951,0.003364,-0.004300,0.005144,-0.003346
2018-10-23,6475.740234,2740.689941,165.567581,1233.400024,-0.001760,-0.005512,-0.003680,0.009990
2018-10-24,6495.839844,2656.100098,157.990097,1227.800049,0.003104,-0.030864,-0.045767,-0.004540
2018-10-25,6476.290039,2705.570068,163.455780,1229.099976,-0.003010,0.018625,0.034595,0.001059
2018-10-26,6474.750000,2658.689941,159.251419,1232.500000,-0.000238,-0.017327,-0.025722,0.002766
2018-10-29,6332.629883,2641.250000,155.973892,1224.500000,-0.021950,-0.006560,-0.020581,-0.006491
2018-10-30,6334.270020,2682.629883,158.544296,1222.599976,0.000259,0.015667,0.016480,-0.001552
2018-10-31,6317.609863,2711.739990,162.270950,1212.300049,-0.002630,0.010851,0.023505,-0.008425
2018-11-01,6377.779785,2740.370117,164.411362,1236.000000,0.009524,0.010558,0.013190,0.019550
2018-11-02,6388.439941,2723.060059,161.850525,1230.900024,0.001671,-0.006317,-0.015576,-0.004126
2018-11-05,6419.660156,2738.310059,161.449188,1229.800049,0.004887,0.005600,-0.002480,-0.000894
2018-11-06,6461.009766,2755.449951,162.672256,1223.800049,0.006441,0.006259,0.007576,-0.004879
2018-11-07,6530.140137,2813.889893,167.774887,1226.199951,0.010700,0.021209,0.031368,0.001961
2018-11-08,6453.720215,2806.830078,166.704758,1222.900024,-0.011703,-0.002509,-0.006378,-0.002691
2018-11-09,6385.620117,2781.010010,163.895386,1206.400024,-0.010552,-0.009199,-0.016852,-0.013493
2018-11-12,6371.270020,2726.219971,158.936050,1201.300049,-0.002247,-0.019701,-0.030259,-0.004227
2018-11-13,6359.490234,2722.179932,159.069870,1199.199951,-0.001849,-0.001482,0.000842,-0.001748
2018-11-14,5738.350098,2701.580078,157.856354,1207.900024,-0.097671,-0.007567,-0.007629,0.007255
2018-11-15,5648.029785,2730.199951,160.617859,1212.800049,-0.015740,0.010594,0.017494,0.004057
2018-11-16,5575.549805,2736.270020,160.054077,1220.800049,-0.012833,0.002223,-0.003510,0.006596
2018-11-19,4871.490234,2690.729980,154.855911,1223.099976,-0.126276,-0.016643,-0.032478,0.001884
2018-11-20,4451.870117,2641.889893,152.084808,1219.000000,-0.086138,-0.018151,-0.017895,-0.003352
2018-11-21,4602.169922,2649.929932,153.241028,1225.800049,0.033761,0.003043,0.007602,0.005578
2018-11-23,4347.109863,2632.560059,152.132584,1221.000000,-0.055422,-0.006555,-0.007233,-0.003916
2018-11-26,3779.129883,2673.449951,155.649033,1220.199951,-0.130657,0.015532,0.023114,-0.000655
2018-11-27,3820.719971,2682.169922,156.174515,1211.199951,0.011005,0.003262,0.003376,-0.007376
2018-11-28,4257.419922,2743.790039,161.200790,1221.400024,0.114298,0.022974,0.032184,0.008421
2018-11-29,4278.846680,2737.800049,160.675186,1224.099976,0.005033,-0.002183,-0.003261,0.002211
2018-11-30,4017.268555,2760.169922,161.840942,1220.199951,-0.061133,0.008171,0.007255,-0.003186
2018-12-03,3894.130859,2790.370117,164.669357,1233.900024,-0.030652,0.010941,0.017477,0.011228
2018-12-04,3956.893799,2700.060059,158.353210,1241.099976,0.016117,-0.032365,-0.038357,0.005835
2018-12-06,3521.101807,2695.949951,159.471237,1238.099976,-0.110135,-0.001522,0.007060,-0.002417
2018-12-07,3419.937256,2633.080078,154.206100,1246.800049,-0.028731,-0.023320,-0.033016,0.007027
2018-12-10,3502.656006,2637.719971,155.821060,1243.699951,0.024187,0.001762,0.010473,-0.002486
2018-12-11,3424.588135,2636.780029,156.337006,1241.900024,-0.022288,-0.000356,0.003311,-0.001447
2018-12-12,3486.950195,2651.070068,157.712967,1244.400024,0.018210,0.005420,0.008801,0.002013
2018-12-13,3313.677246,2650.540039,157.760788,1242.699951,-0.049692,-0.000200,0.000303,-0.001366
2018-12-14,3242.484863,2599.949951,153.919479,1237.000000,-0.021484,-0.019087,-0.024349,-0.004587
2018-12-17,3545.864746,2545.939941,150.431732,1247.400024,0.093564,-0.020773,-0.022660,0.008407
2018-12-18,3696.059082,2546.159912,151.377686,1249.199951,0.042358,0.000086,0.006288,0.001443
2018-12-19,3745.950684,2506.959961,147.660660,1252.099976,0.013499,-0.015396,-0.024555,0.002322
2018-12-20,4134.441406,2467.419922,145.520172,1263.599976,0.103710,-0.015772,-0.014496,0.009185
2018-12-21,3896.543701,2416.620117,141.010056,1253.800049,-0.057540,-0.020588,-0.030993,-0.007756
2018-12-24,4078.599121,2351.100098,137.513275,1267.500000,0.046722,-0.027112,-0.024798,0.010927
2018-12-26,3857.297607,2467.699951,146.099457,1269.199951,-0.054259,0.049594,0.062439,0.001341
2018-12-27,3654.833496,2488.830078,146.664871,1277.300049,-0.052489,0.008563,0.003870,0.006382
2018-12-28,3923.918701,2485.739990,146.588150,1279.900024,0.073624,-0.001242,-0.000523,0.002036
2018-12-31,3742.700439,2506.850098,147.824341,1278.300049,-0.046183,0.008492,0.008433,-0.001250
2019-01-02,3943.409424,2510.030029,148.418488,1281.000000,0.053627,0.001268,0.004019,0.002112
2019-01-03,3836.741211,2447.889893,143.569580,1291.800049,-0.027050,-0.024757,-0.032671,0.008431
2019-01-04,3857.717529,2531.939941,149.712189,1282.699951,0.005467,0.034336,0.042785,-0.007045
2019-01-07,4025.248291,2549.689941,151.494553,1286.800049,0.043427,0.007010,0.011905,0.003196
2019-01-08,4030.847900,2574.409912,152.864914,1283.199951,0.001391,0.009695,0.009046,-0.002798
2019-01-09,4035.296387,2584.959961,154.110672,1289.300049,0.001104,0.004098,0.008149,0.004754
2019-01-10,3678.924561,2596.639893,154.551498,1284.699951,-0.088314,0.004518,0.002860,-0.003568
2019-01-11,3687.365479,2596.260010,153.986115,1287.099976,0.002294,-0.000146,-0.003658,0.001868
2019-01-14,3706.052246,2582.610107,152.625320,1289.099976,0.005068,-0.005258,-0.008837,0.001554
2019-01-15,3630.675293,2610.300049,155.605621,1286.199951,-0.020339,0.010722,0.019527,-0.002250
2019-01-16,3655.006836,2616.100098,155.576874,1291.599976,0.006702,0.002222,-0.000185,0.004198
2019-01-17,3678.563965,2635.959961,156.803452,1291.000000,0.006445,0.007591,0.007884,-0.000465
2019-01-18,3657.839355,2670.709961,158.355865,1281.300049,-0.005634,0.013183,0.009900,-0.007514
2019-01-22,3604.577148,2632.899902,155.183945,1282.500000,-0.014561,-0.014157,-0.020030,0.000937
2019-01-23,3585.123047,2638.699951,155.385208,1283.099976,-0.005397,0.002203,0.001297,0.000468
2019-01-24,3600.865479,2642.330078,156.391373,1279.099976,0.004391,0.001376,0.006475,-0.003117
2019-01-25,3599.765869,2664.760010,158.260056,1297.400024,-0.000305,0.008489,0.011949,0.014307
2019-01-28,3470.450439,2643.850098,156.305161,1302.400024,-0.035923,-0.007847,-0.012352,0.003854
2019-01-29,3448.116943,2640.000000,154.829376,1308.199951,-0.006435,-0.001456,-0.009442,0.004453
2019-01-30,3486.181641,2681.050049,158.767929,1309.900024,0.011039,0.015549,0.025438,0.001300
2019-01-31,3457.792725,2704.100098,161.144424,1319.699951,-0.008143,0.008597,0.014968,0.007481
2019-02-01,3487.945312,2706.530029,160.464096,1316.900024,0.008720,0.000899,-0.004222,-0.002122
2019-02-04,3459.154053,2724.870117,162.457306,1314.300049,-0.008255,0.006776,0.012422,-0.001974
2019-02-05,3466.357422,2737.699951,163.894684,1314.199951,0.002082,0.004708,0.008848,-0.000076
2019-02-06,3413.767822,2731.610107,163.406021,1309.500000,-0.015171,-0.002224,-0.002982,-0.003576
2019-02-07,3399.471680,2706.050049,161.211533,1309.400024,-0.004188,-0.009357,-0.013430,-0.000076
2019-02-08,3666.780273,2707.879883,161.527756,1313.699951,0.078632,0.000676,0.001962,0.003284
2019-02-11,3648.430664,2709.800049,161.374435,1307.000000,-0.005004,0.000709,-0.000949,-0.005100
2019-02-12,3653.528564,2744.729980,163.760544,1309.199951,0.001397,0.012890,0.014786,0.001683
2019-02-13,3632.070557,2753.030029,163.875565,1310.800049,-0.005873,0.003024,0.000702,0.001222
2019-02-14,3616.880859,2745.729980,164.076813,1309.800049,-0.004182,-0.002652,0.001228,-0.000763
2019-02-15,3620.810791,2775.600098,164.766739,1318.099976,0.001087,0.010879,0.004205,0.006337
2019-02-19,3947.094482,2779.760010,165.092575,1340.099976,0.090113,0.001499,0.001978,0.016691
2019-02-20,3999.820557,2784.699951,165.063797,1343.300049,0.013358,0.001777,-0.000174,0.002388
2019-02-21,3954.118164,2774.879883,164.460068,1323.500000,-0.011426,-0.003526,-0.003658,-0.014740
2019-02-22,4005.526611,2792.669922,165.677094,1329.199951,0.013001,0.006411,0.007400,0.004307
2019-02-25,3882.696289,2796.110107,166.280869,1325.900024,-0.030665,0.001232,0.003644,-0.002483
2019-02-26,3854.357910,2793.899902,166.453369,1325.099976,-0.007299,-0.000790,0.001037,-0.000603
2019-02-27,3851.047363,2792.379883,166.347931,1317.699951,-0.000859,-0.000544,-0.000633,-0.005585
2019-02-28,3854.785400,2784.489990,165.964600,1312.800049,0.000971,-0.002826,-0.002304,-0.003719
2019-03-01,3859.583740,2803.689941,167.114578,1296.400024,0.001245,0.006895,0.006929,-0.012492
2019-03-04,3761.557129,2792.810059,167.143280,1284.800049,-0.025398,-0.003881,0.000172,-0.008948
2019-03-05,3896.375000,2789.649902,167.267853,1282.000000,0.035841,-0.001132,0.000745,-0.002179
2019-03-06,3903.942627,2771.449951,166.319183,1284.900024,0.001942,-0.006524,-0.005672,0.002262
2019-03-07,3911.484375,2748.929932,164.277985,1283.800049,0.001932,-0.008126,-0.012273,-0.000856
2019-03-08,3901.131592,2743.070068,164.028900,1297.000000,-0.002647,-0.002132,-0.001516,0.010282
2019-03-11,3905.227295,2783.300049,167.440292,1288.800049,0.001050,0.014666,0.020798,-0.006322
2019-03-12,3909.156250,2791.520020,168.360306,1296.300049,0.001006,0.002953,0.005495,0.005819
2019-03-13,3906.717285,2810.919922,169.625244,1307.500000,-0.000624,0.006950,0.007513,0.008640
2019-03-14,3924.369141,2808.479980,169.337784,1293.400024,0.004518,-0.000868,-0.001695,-0.010784
2019-03-15,3960.911133,2822.479980,170.909348,1301.800049,0.009312,0.004985,0.009281,0.006495
2019-03-18,4032.507324,2832.939941,171.316360,1300.300049,0.018076,0.003706,0.002381,-0.001152
2019-03-19,4071.190186,2832.570068,171.892395,1305.000000,0.009593,-0.000131,0.003362,0.003615
2019-03-20,4087.476318,2824.229980,172.573990,1300.500000,0.004000,-0.002944,0.003965,-0.003448
2019-03-21,4029.326904,2854.879883,175.271698,1306.099976,-0.014226,0.010852,0.015632,0.004306
2019-03-22,4023.968262,2800.709961,171.421967,1311.599976,-0.001330,-0.018975,-0.021964,0.004211
2019-03-25,3963.070557,2798.360107,171.095581,1321.900024,-0.015134,-0.000839,-0.001904,0.007853
2019-03-26,3985.080811,2818.459961,171.892395,1314.300049,0.005554,0.007183,0.004657,-0.005749
2019-03-27,4087.066162,2805.370117,170.788391,1309.900024,0.025592,-0.004644,-0.006423,-0.003348
2019-03-28,4069.107178,2815.439941,171.182007,1289.800049,-0.004394,0.003589,0.002305,-0.015345
2019-03-29,4098.374512,2834.399902,172.478027,1293.000000,0.007193,0.006734,0.007571,0.002481
2019-04-01,4158.183105,2867.189941,174.762909,1288.400024,0.014593,0.011569,0.013247,-0.003558
2019-04-02,4879.877930,2867.239990,175.425293,1290.000000,0.173560,0.000017,0.003790,0.001242
2019-04-03,4973.021973,2873.399902,176.433289,1289.900024,0.019087,0.002148,0.005746,-0.000078
2019-04-04,4922.798828,2879.389893,176.366150,1289.000000,-0.010099,0.002085,-0.000381,-0.000698
2019-04-05,5036.681152,2892.739990,177.278107,1290.400024,0.023134,0.004636,0.005171,0.001086
2019-04-08,5289.770996,2895.770020,177.729385,1297.099976,0.050249,0.001047,0.002546,0.005192
2019-04-09,5204.958496,2878.199951,177.105316,1303.500000,-0.016033,-0.006067,-0.003511,0.004934
2019-04-10,5324.551758,2888.209961,178.055771,1309.099976,0.022977,0.003478,0.005367,0.004296
2019-04-11,5064.487793,2888.320068,177.633362,1288.599976,-0.048842,0.000038,-0.002372,-0.015660
2019-04-12,5089.539062,2907.409912,178.401367,1290.599976,0.004946,0.006609,0.004324,0.001552
2019-04-15,5067.108398,2905.580078,178.430161,1286.800049,-0.004407,-0.000629,0.000161,-0.002944
2019-04-16,5235.559570,2907.060059,179.044540,1272.599976,0.033244,0.000509,0.003443,-0.011035
2019-04-17,5251.937988,2900.449951,179.668594,1272.199951,0.003128,-0.002274,0.003485,-0.000314
2019-04-18,5298.385742,2905.030029,179.898987,1271.900024,0.008844,0.001579,0.001282,-0.000236
2019-04-22,5399.365234,2907.969971,180.407822,1273.500000,0.019059,0.001012,0.002828,0.001258
2019-04-23,5572.362305,2933.679932,182.702301,1269.300049,0.032040,0.008841,0.012718,-0.003298
2019-04-24,5464.866699,2927.250000,182.126266,1275.500000,-0.019291,-0.002192,-0.003153,0.004885
2019-04-25,5210.515625,2926.169922,182.865463,1275.800049,-0.046543,-0.000369,0.004059,0.000235
2019-04-26,5279.348145,2939.879883,183.028671,1284.900024,0.013210,0.004685,0.000893,0.007133
2019-04-29,5247.352539,2943.030029,183.383865,1278.599976,-0.006061,0.001072,0.001941,-0.004903
2019-04-30,5350.726562,2945.830078,181.963058,1282.800049,0.019700,0.000951,-0.007748,0.003285
2019-05-01,5402.697266,2923.729980,181.377441,1281.400024,0.009713,-0.007502,-0.003218,-0.001091
2019-05-02,5505.283691,2917.520020,180.590210,1269.699951,0.018988,-0.002124,-0.004340,-0.009131
2019-05-03,5768.289551,2945.639893,183.470322,1279.199951,0.047773,0.009638,0.015948,0.007482
2019-05-06,5746.807129,2932.469971,182.347092,1281.699951,-0.003724,-0.004471,-0.006122,0.001954
2019-05-07,5829.501465,2884.050049,178.794983,1283.500000,0.014390,-0.016512,-0.019480,0.001404
2019-05-08,5982.457520,2879.419922,178.343765,1279.400024,0.026238,-0.001605,-0.002524,-0.003194
2019-05-09,6174.528809,2870.719971,177.383698,1283.500000,0.032106,-0.003021,-0.005383,0.003205
2019-05-10,6378.849121,2881.399902,177.604492,1285.699951,0.033091,0.003720,0.001245,0.001714
2019-05-13,7814.915039,2811.870117,171.441162,1300.099976,0.225129,-0.024131,-0.034703,0.011200
2019-05-14,7994.416016,2834.409912,173.322830,1294.699951,0.022969,0.008016,0.010976,-0.004154
2019-05-15,8205.167969,2850.959961,175.770920,1296.300049,0.026362,0.005839,0.014124,0.001236
2019-05-16,7884.909180,2876.320068,177.537338,1285.000000,-0.039031,0.008895,0.010050,-0.008717
2019-05-17,7343.895508,2859.530029,175.722931,1274.500000,-0.068614,-0.005837,-0.010220,-0.008171
2019-05-20,7978.309082,2840.229980,172.756363,1276.099976,0.086387,-0.006749,-0.016882,0.001255
2019-05-21,7963.327637,2864.360107,174.561295,1272.000000,-0.001878,0.008496,0.010448,-0.003213
2019-05-22,7680.066406,2856.270020,173.783691,1273.599976,-0.035571,-0.002824,-0.004455,0.001258
2019-05-23,7881.846680,2822.239990,171.124390,1284.800049,0.026273,-0.011914,-0.015302,0.008794
2019-05-24,7987.371582,2826.060059,171.037949,1283.000000,0.013388,0.001354,-0.000505,-0.001401
2019-05-28,8719.961914,2802.389893,170.394730,1276.500000,0.091719,-0.008376,-0.003761,-0.005066
2019-05-29,8659.487305,2783.020020,168.993149,1280.599976,-0.006935,-0.006912,-0.008225,0.003212
2019-05-30,8319.472656,2788.860107,169.703522,1287.099976,-0.039265,0.002098,0.004204,0.005076
2019-05-31,8574.501953,2752.060059,166.996292,1305.800049,0.030655,-0.013195,-0.015953,0.014529
2019-06-03,8208.995117,2744.449951,163.319366,1322.699951,-0.042627,-0.002765,-0.022018,0.012942
2019-06-04,7707.770996,2803.270020,167.917862,1323.400024,-0.061058,0.021432,0.028156,0.000529
2019-06-05,7824.231445,2826.149902,169.165955,1328.300049,0.015109,0.008162,0.007433,0.003703
2019-06-06,7822.023438,2843.489990,170.509979,1337.599976,-0.000282,0.006136,0.007945,0.007001
2019-06-07,8043.951172,2873.340088,173.802841,1341.199951,0.028372,0.010498,0.019312,0.002691
2019-06-10,8000.329590,2886.729980,175.828506,1324.699951,-0.005423,0.004660,0.011655,-0.012302
2019-06-11,7927.714355,2885.719971,176.068466,1326.400024,-0.009077,-0.000350,0.001365,0.001283
2019-06-12,8145.857422,2879.840088,175.050888,1331.900024,0.027517,-0.002038,-0.005779,0.004147
2019-06-13,8230.923828,2891.639893,176.087723,1339.199951,0.010443,0.004097,0.005923,0.005481
2019-06-14,8693.833008,2886.979980,175.338928,1340.099976,0.056240,-0.001612,-0.004252,0.000672
2019-06-17,9320.352539,2889.669922,176.394928,1338.699951,0.072065,0.000932,0.006023,-0.001045
2019-06-18,9081.762695,2917.750000,178.958145,1346.599976,-0.025599,0.009717,0.014531,0.005901
2019-06-19,9273.521484,2926.459961,179.630219,1344.599976,0.021115,0.002985,0.003755,-0.001485
2019-06-20,9527.160156,2954.179932,181.300659,1392.900024,0.027351,0.009472,0.009299,0.035922
2019-06-21,10144.556641,2950.459961,181.031845,1396.199951,0.064804,-0.001259,-0.001483,0.002369
2019-06-24,11011.102539,2945.350098,181.037613,1414.300049,0.085420,-0.001732,0.000032,0.012964
2019-06-25,11790.916992,2917.379883,177.929871,1414.900024,0.070821,-0.009496,-0.017166,0.000424
2019-06-26,13016.231445,2913.780029,178.757309,1411.599976,0.103920,-0.001234,0.004650,-0.002332
2019-06-27,11182.806641,2924.919922,179.440414,1408.400024,-0.140857,0.003823,0.003821,-0.002267
2019-06-28,12407.332031,2941.760010,179.671341,1409.699951,0.109501,0.005757,0.001287,0.000923
2019-07-01,10583.134766,2964.330078,182.095978,1385.599976,-0.147026,0.007672,0.013495,-0.017096
2019-07-02,10801.677734,2973.010010,182.817566,1404.599976,0.020650,0.002928,0.003963,0.013712
2019-07-03,11961.269531,2995.820068,184.193466,1417.699951,0.107353,0.007672,0.007526,0.009326
2019-07-05,10978.459961,2990.409912,183.818207,1396.699951,-0.082166,-0.001806,-0.002037,-0.014813
2019-07-08,12285.958008,2975.949951,182.528946,1397.000000,0.119097,-0.004835,-0.007014,0.000215
2019-07-09,12573.812500,2979.629883,183.442947,1397.500000,0.023430,0.001237,0.005007,0.000358
2019-07-10,12156.512695,2993.070068,185.271057,1410.099976,-0.033188,0.004511,0.009966,0.009016
2019-07-11,11358.662109,2999.909912,185.136353,1404.300049,-0.065632,0.002285,-0.000727,-0.004113
2019-07-12,11815.986328,3013.770020,186.204330,1409.900024,0.040262,0.004620,0.005769,0.003988
2019-07-15,10895.089844,3014.300049,186.800842,1411.400024,-0.077936,0.000176,0.003204,0.001064
2019-07-16,9477.641602,3004.040039,185.838730,1409.199951,-0.130100,-0.003404,-0.005150,-0.001559
2019-07-17,9693.802734,2984.419922,184.924698,1421.300049,0.022807,-0.006531,-0.004918,0.008587
2019-07-18,10666.482422,2995.110107,185.136353,1426.099976,0.100340,0.003582,0.001145,0.003377
2019-07-19,10530.732422,2976.610107,183.779678,1425.099976,-0.012727,-0.006177,-0.007328,-0.000701
2019-07-22,10343.106445,2985.030029,185.242203,1425.300049,-0.017817,0.002829,0.007958,0.000140
2019-07-23,9900.767578,3005.469971,186.454498,1420.099976,-0.042767,0.006847,0.006544,-0.003648
2019-07-24,9811.925781,3019.560059,187.763046,1422.800049,-0.008973,0.004688,0.007018,0.001901
2019-07-25,9911.841797,3003.669922,185.983078,1413.900024,0.010183,-0.005262,-0.009480,-0.006255
2019-07-26,9870.303711,3025.860107,187.897690,1418.500000,-0.004191,0.007388,0.010295,0.003253
2019-07-29,9519.145508,3020.969971,187.253082,1419.599976,-0.035577,-0.001616,-0.003431,0.000775
2019-07-30,9607.423828,3013.179932,186.444855,1429.699951,0.009274,-0.002579,-0.004316,0.007115
2019-07-31,10085.627930,2980.379883,183.866348,1426.099976,0.049774,-0.010886,-0.013830,-0.002518
2019-08-01,10399.668945,2953.560059,182.952255,1420.900024,0.031137,-0.008999,-0.004972,-0.003646
2019-08-02,10518.174805,2932.050049,180.258286,1445.599976,0.011395,-0.007283,-0.014725,0.017383
2019-08-05,11805.653320,2844.739990,173.888840,1464.599976,0.122405,-0.029778,-0.035335,0.013143
2019-08-06,11478.168945,2881.770020,176.323090,1472.400024,-0.027740,0.013017,0.013999,0.005326
2019-08-07,11941.968750,2883.979980,177.275604,1507.300049,0.040407,0.000767,0.005402,0.023703
2019-08-08,11966.407227,2938.090088,181.133835,1497.699951,0.002046,0.018762,0.021764,-0.006369
2019-08-09,11862.936523,2918.649902,179.430862,1496.599976,-0.008647,-0.006617,-0.009402,-0.000734
2019-08-12,11382.616211,2882.699951,177.371841,1505.300049,-0.040489,-0.012317,-0.011475,0.005813
2019-08-13,10895.830078,2926.320068,181.258911,1502.199951,-0.042766,0.015132,0.021915,-0.002059
2019-08-14,10051.704102,2840.600098,175.842010,1515.900024,-0.077472,-0.029293,-0.029885,0.009120
2019-08-15,10311.545898,2847.600098,175.639954,1519.599976,0.025851,0.002464,-0.001149,0.002441
2019-08-16,10374.338867,2888.679932,178.459076,1512.500000,0.006090,0.014426,0.016051,-0.004672
2019-08-19,10916.053711,2923.649902,181.297394,1500.400024,0.052217,0.012106,0.015905,-0.008000
2019-08-20,10763.232422,2900.510010,179.892654,1504.599976,-0.014000,-0.007915,-0.007748,0.002799
2019-08-21,10138.049805,2924.429932,181.489777,1504.599976,-0.058085,0.008247,0.008878,0.000000
2019-08-22,10131.055664,2922.949951,180.902908,1497.300049,-0.000690,-0.000506,-0.003234,-0.004852
2019-08-23,10407.964844,2847.110107,175.178116,1526.599976,0.027333,-0.025946,-0.031646,0.019569
2019-08-26,10370.820312,2878.379883,177.824036,1526.300049,-0.003569,0.010983,0.015104,-0.000196
2019-08-27,10185.500000,2869.159912,177.448807,1541.000000,-0.017869,-0.003203,-0.002110,0.009631
2019-08-28,9754.422852,2887.939941,178.083832,1537.800049,-0.042323,0.006545,0.003579,-0.002077
2019-08-29,9510.200195,2924.580078,180.806671,1526.500000,-0.025037,0.012687,0.015290,-0.007348
2019-08-30,9598.173828,2926.459961,180.373764,1519.099976,0.009250,0.000643,-0.002394,-0.004848
2019-09-03,10623.540039,2906.270020,178.622574,1545.900024,0.106829,-0.006899,-0.009709,0.017642
2019-09-04,10594.493164,2937.780029,181.201172,1550.300049,-0.002734,0.010842,0.014436,0.002846
2019-09-05,10575.533203,2976.000000,184.520615,1515.400024,-0.001790,0.013010,0.018319,-0.022512
2019-09-06,10353.302734,2978.709961,184.337769,1506.199951,-0.021014,0.000911,-0.000991,-0.006071
2019-09-09,10334.974609,2978.429932,183.952942,1502.199951,-0.001770,-0.000094,-0.002088,-0.002656
2019-09-10,10115.975586,2979.389893,183.423691,1490.300049,-0.021190,0.000322,-0.002877,-0.007922
2019-09-11,10178.372070,3000.929932,185.145981,1494.400024,0.006168,0.007230,0.009390,0.002751
2019-09-12,10410.126953,3009.570068,185.915695,1498.699951,0.022769,0.002879,0.004157,0.002877
2019-09-13,10360.546875,3007.389893,185.251816,1490.900024,-0.004763,-0.000724,-0.003571,-0.005204
2019-09-16,10276.793945,2997.959961,184.424377,1503.099976,-0.008084,-0.003136,-0.004467,0.008183
2019-09-17,10241.272461,3005.699951,185.309525,1505.099976,-0.003456,0.002582,0.004800,0.001331
2019-09-18,10198.248047,3006.729980,185.232574,1507.500000,-0.004201,0.000343,-0.000415,0.001595
2019-09-19,10266.415039,3006.790039,185.540436,1498.400024,0.006684,0.000020,0.001662,-0.006036
2019-09-20,10181.641602,2992.070068,183.577698,1507.300049,-0.008257,-0.004896,-0.010578,0.005940
2019-09-23,9729.324219,2991.780029,183.658661,1523.699951,-0.044425,-0.000097,0.000441,0.010880
2019-09-24,8620.566406,2966.600098,181.219513,1532.099976,-0.113960,-0.008416,-0.013281,0.005513
2019-09-25,8486.993164,2984.870117,183.253693,1504.599976,-0.015495,0.006159,0.011225,-0.017949
2019-09-26,8118.967773,2977.620117,182.578903,1507.500000,-0.043363,-0.002429,-0.003682,0.001927
2019-09-27,8251.845703,2961.790039,180.313248,1499.099976,0.016366,-0.005316,-0.012409,-0.005572
2019-09-30,8293.868164,2976.739990,182.029358,1465.699951,0.005092,0.005048,0.009517,-0.022280
2019-10-01,8343.276367,2940.250000,180.544693,1482.000000,0.005957,-0.012258,-0.008156,0.011121
2019-10-02,8393.041992,2887.610107,177.440277,1501.000000,0.005965,-0.017903,-0.017195,0.012821
2019-10-03,8259.992188,2910.629883,179.387787,1507.099976,-0.015852,0.007972,0.010976,0.004064
2019-10-04,8205.939453,2952.010010,182.029358,1506.199951,-0.006544,0.014217,0.014725,-0.000597
2019-10-07,8245.623047,2938.790039,181.479797,1497.699951,0.004836,-0.004478,-0.003019,-0.005643
2019-10-08,8228.783203,2893.060059,178.761108,1497.199951,-0.002042,-0.015561,-0.014981,-0.000334
2019-10-09,8595.740234,2919.399902,180.506119,1506.099976,0.044594,0.009104,0.009762,0.005944
2019-10-10,8586.473633,2938.129883,181.904068,1494.800049,-0.001078,0.006416,0.007745,-0.007503
2019-10-11,8321.756836,2970.270020,184.246780,1482.699951,-0.030830,0.010939,0.012879,-0.008095
2019-10-14,8374.686523,2966.149902,184.227448,1491.699951,0.006360,-0.001387,-0.000105,0.006070
2019-10-15,8205.369141,2995.679932,186.570190,1477.599976,-0.020218,0.009956,0.012717,-0.009452
2019-10-16,8047.526855,2989.689941,186.107452,1488.000000,-0.019236,-0.002000,-0.002480,0.007038
2019-10-17,8103.911133,2997.949951,186.599091,1492.300049,0.007006,0.002763,0.002642,0.002890
2019-10-18,7973.207520,2986.199951,184.805908,1488.199951,-0.016128,-0.003919,-0.009610,-0.002748
2019-10-21,8243.720703,3006.719971,186.444870,1482.400024,0.033928,0.006872,0.008869,-0.003897
2019-10-22,8078.203125,2995.989990,184.960190,1481.699951,-0.020078,-0.003569,-0.007963,-0.000472
2019-10-23,7514.671875,3004.520020,185.316895,1489.900024,-0.069759,0.002847,0.001929,0.005534
2019-10-24,7493.488770,3010.290039,187.119705,1498.900024,-0.002819,0.001920,0.009728,0.006041
2019-10-25,8660.700195,3022.550049,188.614029,1499.500000,0.155763,0.004073,0.007986,0.000400
2019-10-28,9256.148438,3039.419922,190.474747,1490.000000,0.068753,0.005581,0.009865,-0.006335
2019-10-29,9427.687500,3036.889893,188.999695,1487.000000,0.018532,-0.000832,-0.007744,-0.002013
2019-10-30,9205.726562,3046.770020,189.915573,1493.199951,-0.023544,0.003253,0.004846,0.004169
2019-10-31,9199.584961,3037.560059,190.002335,1511.400024,-0.000667,-0.003023,0.000457,0.012189
2019-11-01,9261.104492,3066.909912,191.728073,1508.000000,0.006687,0.009662,0.009083,-0.002250
2019-11-04,9412.612305,3078.270020,192.913940,1508.000000,0.016360,0.003704,0.006185,0.000000
2019-11-05,9342.527344,3074.620117,193.019958,1480.800049,-0.007446,-0.001186,0.000550,-0.018037
2019-11-06,9360.879883,3076.780029,192.586105,1490.199951,0.001964,0.000702,-0.002248,0.006348
2019-11-07,9267.561523,3085.179932,193.232040,1464.199951,-0.009969,0.002730,0.003354,-0.017447
2019-11-08,8804.880859,3093.080078,194.003281,1461.300049,-0.049925,0.002561,0.003991,-0.001981
2019-11-11,8757.788086,3087.010010,193.742966,1455.500000,-0.005348,-0.001962,-0.001342,-0.003969
2019-11-12,8815.662109,3091.840088,194.302170,1452.099976,0.006608,0.001565,0.002886,-0.002336
2019-11-13,8808.262695,3094.040039,194.350372,1461.699951,-0.000839,0.000712,0.000248,0.006611
2019-11-14,8708.094727,3096.629883,194.196121,1471.800049,-0.011372,0.000837,-0.000794,0.006910
2019-11-15,8491.992188,3120.459961,195.622971,1467.300049,-0.024816,0.007695,0.007347,-0.003057
2019-11-18,8309.286133,3122.030029,195.777237,1470.900024,-0.021515,0.000503,0.000789,0.002453
2019-11-19,8206.145508,3120.179932,196.066437,1473.300049,-0.012413,-0.000593,0.001477,0.001632
2019-11-20,8027.268066,3108.459961,194.890289,1473.300049,-0.021798,-0.003756,-0.005999,0.000000
2019-11-21,7642.750000,3103.540039,194.456421,1463.099976,-0.047901,-0.001583,-0.002226,-0.006923
2019-11-22,7296.577637,3110.290039,194.581757,1463.099976,-0.045294,0.002175,0.000645,0.000000
2019-11-25,7146.133789,3133.639893,196.885956,1456.599976,-0.020618,0.007507,0.011842,-0.004443
2019-11-26,7218.371094,3140.520020,197.261917,1459.800049,0.010109,0.002196,0.001910,0.002197
2019-11-27,7531.663574,3153.629883,198.640579,1453.400024,0.043402,0.004174,0.006989,-0.004384
2019-11-29,7761.243652,3140.979980,197.734344,1465.599976,0.030482,-0.004011,-0.004562,0.008394
2019-12-02,7321.988281,3113.870117,195.709717,1462.300049,-0.056596,-0.008631,-0.010239,-0.002252
2019-12-03,7320.145508,3093.199951,194.176819,1478.199951,-0.000252,-0.006638,-0.007833,0.010873
2019-12-04,7252.034668,3112.760010,195.160233,1474.000000,-0.009305,0.006324,0.005065,-0.002841
2019-12-05,7448.307617,3117.429932,195.545792,1476.900024,0.027065,0.001500,0.001976,0.001967
2019-12-06,7546.996582,3145.909912,197.637939,1459.099976,0.013250,0.009136,0.010699,-0.012052
2019-12-09,7400.899414,3135.959961,196.741394,1459.300049,-0.019358,-0.003163,-0.004536,0.000137
2019-12-10,7278.119629,3132.520020,196.577484,1462.599976,-0.016590,-0.001097,-0.000833,0.002261
2019-12-11,7217.427246,3141.629883,197.618622,1469.400024,-0.008339,0.002908,0.005296,0.004649
2019-12-12,7243.134277,3168.570068,199.093689,1466.699951,0.003562,0.008575,0.007464,-0.001838
2019-12-13,7269.684570,3168.800049,199.749298,1475.599976,0.003666,0.000073,0.003293,0.006068
2019-12-16,6932.480469,3191.449951,201.754578,1475.000000,-0.046385,0.007148,0.010039,-0.000407
2019-12-17,6640.515137,3192.520020,201.870300,1474.599976,-0.042116,0.000335,0.000574,-0.000271
2019-12-18,7276.802734,3191.139893,202.024506,1472.599976,0.095819,-0.000432,0.000764,-0.001356
2019-12-19,7202.844238,3205.370117,203.287460,1478.199951,-0.010164,0.004459,0.006251,0.003803
2019-12-20,7218.816406,3221.219971,204.106964,1474.699951,0.002217,0.004945,0.004031,-0.002368
2019-12-23,7355.628418,3224.010010,204.646118,1482.500000,0.018952,0.000866,0.002642,0.005289
2019-12-24,7322.532227,3223.379883,204.752365,1499.099976,-0.004499,-0.000195,0.000519,0.011197
2019-12-26,7238.966797,3239.909912,206.559097,1509.300049,-0.011412,0.005128,0.008824,0.006804
2019-12-27,7290.088379,3240.020020,206.385178,1513.800049,0.007062,0.000034,-0.000842,0.002982
2019-12-30,7292.995117,3221.290039,205.032578,1514.500000,0.000399,-0.005781,-0.006554,0.000462
2019-12-31,7193.599121,3230.780029,205.418991,1519.500000,-0.013629,0.002946,0.001885,0.003301
2020-01-02,6985.470215,3257.850098,208.848923,1524.500000,-0.028933,0.008379,0.016697,0.003291
2020-01-03,7344.884277,3234.850098,206.935913,1549.199951,0.051452,-0.007060,-0.009160,0.016202
2020-01-06,7769.219238,3246.280029,208.269226,1566.199951,0.057773,0.003533,0.006443,0.010973
2020-01-07,8163.692383,3237.179932,208.240250,1571.800049,0.050774,-0.002803,-0.000139,0.003576
2020-01-08,8079.862793,3253.050049,209.805466,1557.400024,-0.010269,0.004902,0.007516,-0.009161
2020-01-09,7879.071289,3274.699951,211.583267,1551.699951,-0.024851,0.006655,0.008474,-0.003660
2020-01-10,8166.554199,3265.350098,211.042175,1557.500000,0.036487,-0.002855,-0.002557,0.003738
2020-01-13,8144.194336,3288.129883,213.476944,1548.400024,-0.002738,0.006976,0.011537,-0.005843
2020-01-14,8827.764648,3283.149902,212.636353,1542.400024,0.083933,-0.001515,-0.003938,-0.003875
2020-01-15,8807.010742,3289.290039,212.723328,1552.099976,-0.002351,0.001870,0.000409,0.006289
2020-01-16,8723.786133,3316.810059,214.761963,1549.000000,-0.009450,0.008367,0.009584,-0.001997
2020-01-17,8929.038086,3329.620117,215.824738,1558.800049,0.023528,0.003862,0.004949,0.006327
2020-01-21,8745.894531,3320.790039,215.728134,1556.400024,-0.020511,-0.002652,-0.000448,-0.001540
2020-01-22,8680.875977,3321.750000,216.298203,1555.300049,-0.007434,0.000289,0.002643,-0.000707
2020-01-23,8406.515625,3325.540039,216.993835,1564.599976,-0.031605,0.001141,0.003216,0.005980
2020-01-24,8445.434570,3295.469971,215.167755,1571.099976,0.004630,-0.009042,-0.008415,0.004154
2020-01-27,8909.819336,3243.629883,210.723297,1576.800049,0.054986,-0.015731,-0.020656,0.003628
2020-01-28,9358.589844,3276.239990,213.960037,1569.199951,0.050368,0.010054,0.015360,-0.004820
2020-01-29,9316.629883,3273.399902,214.307861,1569.800049,-0.004484,-0.000867,0.001626,0.000382
2020-01-30,9508.993164,3283.659912,215.071136,1583.500000,0.020647,0.003134,0.003562,0.008727
2020-01-31,9350.529297,3225.520020,211.660507,1582.900024,-0.016665,-0.017706,-0.015858,-0.000379
2020-02-03,9293.521484,3248.919922,214.858551,1577.199951,-0.006097,0.007255,0.015109,-0.003601
2020-02-04,9180.962891,3297.590088,219.776398,1550.400024,-0.012112,0.014980,0.022889,-0.016992
2020-02-05,9613.423828,3334.689941,220.501053,1557.800049,0.047104,0.011251,0.003297,0.004773
2020-02-06,9729.801758,3345.780029,222.404434,1565.099976,0.012106,0.003326,0.008632,0.004686
2020-02-07,9795.943359,3327.709961,221.447906,1568.599976,0.006798,-0.005401,-0.004301,0.002236
2020-02-10,9856.611328,3352.090088,224.124191,1574.699951,0.006193,0.007326,0.012085,0.003889
2020-02-11,10208.236328,3357.750000,224.162872,1565.599976,0.035674,0.001688,0.000173,-0.005779
2020-02-12,10326.054688,3379.449951,226.346451,1567.400024,0.011541,0.006463,0.009741,0.001150
2020-02-13,10214.379883,3373.939941,226.056549,1575.099976,-0.010815,-0.001630,-0.001281,0.004913
2020-02-14,10312.116211,3380.159912,226.703888,1582.699951,0.009569,0.001844,0.002864,0.004825
2020-02-18,10141.996094,3370.290039,226.790863,1600.000000,-0.016497,-0.002920,0.000384,0.010931
2020-02-19,9633.386719,3386.149902,228.964752,1607.500000,-0.050149,0.004706,0.009585,0.004687
2020-02-20,9608.475586,3373.229980,226.839172,1616.599976,-0.002586,-0.003816,-0.009283,0.005661
2020-02-21,9686.441406,3337.750000,222.481720,1644.599976,0.008114,-0.010518,-0.019209,0.017320
2020-02-24,9650.174805,3225.889893,213.902069,1672.400024,-0.003744,-0.033514,-0.038563,0.016904
2020-02-25,9341.705078,3128.209961,208.085693,1646.900024,-0.031965,-0.030280,-0.027192,-0.015248
2020-02-26,8820.522461,3116.389893,209.158112,1640.000000,-0.055791,-0.003779,0.005154,-0.004190
2020-02-27,8784.494141,2978.760010,198.684753,1640.000000,-0.004085,-0.044163,-0.050074,0.000000
2020-02-28,8672.455078,2954.219971,198.839371,1564.099976,-0.012754,-0.008238,0.000778,-0.046281
2020-03-02,8869.669922,3090.229980,209.100174,1592.300049,0.022740,0.046039,0.051603,0.018030
2020-03-03,8787.786133,3003.370117,202.394913,1642.099976,-0.009232,-0.028108,-0.032067,0.031275
2020-03-04,8755.246094,3130.120117,210.839294,1641.099976,-0.003703,0.042203,0.041722,-0.000609
2020-03-05,9078.762695,3023.939941,204.433517,1666.400024,0.036951,-0.033922,-0.030382,0.015417
2020-03-06,9122.545898,2972.370117,200.984253,1670.800049,0.004823,-0.017054,-0.016872,0.002640
2020-03-09,7923.644531,2746.560059,187.023010,1674.500000,-0.131422,-0.075970,-0.069464,0.002214
2020-03-10,7909.729492,2882.229980,197.206497,1659.099976,-0.001756,0.049396,0.054450,-0.009197
2020-03-11,7911.430176,2741.379883,188.617188,1641.400024,0.000215,-0.048868,-0.043555,-0.010668
2020-03-12,4970.788086,2480.639893,171.322632,1589.300049,-0.371695,-0.095113,-0.091691,-0.031741
2020-03-13,5563.707031,2711.020020,185.834579,1515.699951,0.119281,0.092871,0.084705,-0.046310
2020-03-16,5014.479980,2386.129883,163.573853,1485.900024,-0.098716,-0.119841,-0.119788,-0.019661
2020-03-17,5225.629395,2529.189941,175.979599,1524.900024,0.042108,0.059955,0.075842,0.026247
2020-03-18,5238.438477,2398.100098,170.626984,1477.300049,0.002451,-0.051831,-0.030416,-0.031215
2020-03-19,6191.192871,2409.389893,171.651108,1478.599976,0.181878,0.004708,0.006002,0.000880
2020-03-20,6198.778320,2304.919922,164.926498,1484.000000,0.001225,-0.043360,-0.039176,0.003652
2020-03-23,6416.314941,2237.399902,165.045578,1567.000000,0.035093,-0.029294,0.000722,0.055930
2020-03-24,6734.803711,2447.330078,177.826340,1660.199951,0.049637,0.093828,0.077438,0.059477
2020-03-25,6681.062988,2475.560059,176.509552,1632.300049,-0.007980,0.011535,-0.007405,-0.016805
2020-03-26,6716.440430,2630.070068,185.804611,1650.099976,0.005295,0.062414,0.052660,0.010905
2020-03-27,6469.798340,2541.469971,179.414261,1623.900024,-0.036722,-0.033687,-0.034393,-0.015878
2020-03-30,6429.841797,2626.649902,185.940140,1622.000000,-0.006176,0.033516,0.036373,-0.001170
2020-03-31,6438.644531,2584.590088,184.352249,1583.400024,0.001369,-0.016013,-0.008540,-0.023798
2020-04-01,6606.776367,2470.500000,176.519196,1578.199951,0.026113,-0.044142,-0.042490,-0.003284
2020-04-02,6793.624512,2526.899902,180.101669,1625.699951,0.028281,0.022829,0.020295,0.030098
2020-04-03,6733.387207,2488.649902,177.545517,1633.699951,-0.008867,-0.015137,-0.014193,0.004921
2020-04-06,7271.781250,2663.679932,190.239151,1677.000000,0.079959,0.070331,0.071495,0.026504
2020-04-07,7176.414551,2659.409912,190.161682,1664.800049,-0.013115,-0.001603,-0.000407,-0.007275
2020-04-08,7334.098633,2749.979980,194.199219,1665.400024,0.021973,0.034056,0.021232,0.000360
2020-04-09,7302.089355,2789.820068,194.479965,1736.199951,-0.004364,0.014487,0.001446,0.042512
2020-04-13,6845.037598,2761.629883,196.581039,1744.800049,-0.062592,-0.010105,0.010804,0.004953
2020-04-14,6842.427734,2846.060059,205.130615,1756.699951,-0.000381,0.030573,0.043491,0.006820
2020-04-15,6642.109863,2783.360107,202.777740,1727.199951,-0.029276,-0.022030,-0.011470,-0.016793
2020-04-16,7116.804199,2799.550049,206.476425,1720.400024,0.071467,0.005817,0.018240,-0.003937
2020-04-17,7096.184570,2874.560059,208.451645,1689.199951,-0.002897,0.026794,0.009566,-0.018135
2020-04-20,6881.958496,2823.159912,205.982651,1701.599976,-0.030189,-0.017881,-0.011844,0.007341
2020-04-21,6880.323242,2736.560059,198.381973,1678.199951,-0.000238,-0.030675,-0.036900,-0.013752
2020-04-22,7117.207520,2799.310059,204.268875,1728.699951,0.034429,0.022930,0.029675,0.030092
2020-04-23,7429.724609,2797.800049,203.833176,1733.300049,0.043910,-0.000539,-0.002133,0.002661
2020-04-24,7550.900879,2836.739990,207.047699,1723.500000,0.016310,0.013918,0.015770,-0.005654
2020-04-27,7795.601074,2878.479980,208.713043,1711.900024,0.032407,0.014714,0.008043,-0.006730
2020-04-28,7807.058594,2863.389893,204.782043,1710.500000,0.001470,-0.005242,-0.018834,-0.000818
2020-04-29,8801.038086,2939.510010,212.043839,1703.400024,0.127318,0.026584,0.035461,-0.004151
2020-04-30,8658.553711,2912.429932,211.956680,1684.199951,-0.016189,-0.009212,-0.000411,-0.011272
2020-05-01,8864.766602,2830.709961,205.982651,1694.500000,0.023816,-0.028059,-0.028185,0.006116
2020-05-04,8912.654297,2842.739990,208.383850,1706.900024,0.005402,0.004250,0.011657,0.007318
2020-05-05,9003.070312,2868.439941,210.746384,1704.400024,0.010145,0.009041,0.011337,-0.001465
2020-05-06,9268.761719,2848.419922,212.043839,1684.199951,0.029511,-0.006979,0.006156,-0.011852
2020-05-07,9951.518555,2881.189941,214.774261,1721.800049,0.073662,0.011505,0.012877,0.022325
2020-05-08,9842.666016,2929.800049,217.717667,1709.900024,-0.010938,0.016872,0.013705,-0.006911
2020-05-11,8601.795898,2930.189941,219.663864,1695.300049,-0.126071,0.000133,0.008939,-0.008538
2020-05-12,8804.477539,2870.120117,215.064713,1704.400024,0.023563,-0.020500,-0.020937,0.005368
2020-05-13,9269.987305,2820.000000,212.372986,1713.900024,0.052872,-0.017463,-0.012516,0.005574
2020-05-14,9733.721680,2852.500000,214.783936,1738.099976,0.050025,0.011525,0.011352,0.014120
2020-05-15,9328.197266,2863.699951,216.178192,1753.400024,-0.041662,0.003926,0.006491,0.008803
2020-05-18,9726.575195,2953.909912,220.206039,1731.800049,0.042707,0.031501,0.018632,-0.012319
2020-05-19,9729.038086,2922.939941,219.654175,1744.199951,0.000253,-0.010484,-0.002506,0.007160
2020-05-20,9522.981445,2971.610107,224.040253,1750.599976,-0.021180,0.016651,0.019968,0.003669
2020-05-21,9081.761719,2948.510010,221.600342,1720.500000,-0.046332,-0.007774,-0.010891,-0.017194
2020-05-22,9182.577148,2955.449951,222.365173,1734.599976,0.011101,0.002354,0.003451,0.008195
2020-05-26,8835.052734,2991.770020,221.764923,1704.800049,-0.037846,0.012289,-0.002699,-0.017180
2020-05-27,9181.017578,3036.129883,222.975189,1710.300049,0.039158,0.014827,0.005457,0.003226
2020-05-28,9525.750977,3029.729980,222.684753,1713.300049,0.037548,-0.002108,-0.001303,0.001754
2020-05-29,9439.124023,3044.310059,225.947708,1736.900024,-0.009094,0.004812,0.014653,0.013775
2020-06-01,10167.268555,3055.729980,226.625458,1737.800049,0.077141,0.003751,0.003000,0.000518
2020-06-02,9529.803711,3080.820068,228.145599,1725.199951,-0.062698,0.008211,0.006708,-0.007251
2020-06-03,9656.717773,3122.870117,229.171936,1697.800049,0.013318,0.013649,0.004499,-0.015882
2020-06-04,9800.636719,3112.350098,227.564682,1718.900024,0.014904,-0.003369,-0.007013,0.012428
2020-06-05,9665.533203,3193.929932,232.076645,1676.199951,-0.013785,0.026212,0.019827,-0.024842
2020-06-08,9771.489258,3232.389893,233.877548,1698.300049,0.010962,0.012042,0.007760,0.013185
2020-06-09,9795.700195,3207.179932,235.571915,1714.699951,0.002478,-0.007799,0.007245,0.009657
2020-06-10,9870.094727,3190.139893,238.399216,1713.300049,0.007595,-0.005313,0.012002,-0.000816
2020-06-11,9321.781250,3002.100098,226.586746,1732.000000,-0.055553,-0.058944,-0.049549,0.010915
2020-06-12,9480.843750,3041.310059,228.387650,1729.300049,0.017064,0.013061,0.007948,-0.001559
2020-06-15,9450.702148,3066.590088,231.166489,1720.300049,-0.003179,0.008312,0.012167,-0.005204
2020-06-16,9538.024414,3124.739990,235.136246,1729.599976,0.009240,0.018962,0.017173,0.005406
2020-06-17,9480.254883,3113.489990,235.881790,1729.199951,-0.006057,-0.003600,0.003171,-0.000231
2020-06-18,9411.840820,3115.340088,236.520813,1724.800049,-0.007216,0.000594,0.002709,-0.002544
2020-06-19,9288.018555,3097.739990,236.482086,1745.900024,-0.013156,-0.005649,-0.000164,0.012233
2020-06-22,9648.717773,3117.860107,239.318146,1756.699951,0.038835,0.006495,0.011993,0.006186
2020-06-23,9629.658203,3131.290039,241.354996,1772.099976,-0.001975,0.004307,0.008511,0.008766
2020-06-24,9313.610352,3050.330078,236.379288,1765.800049,-0.032820,-0.025855,-0.020616,-0.003555
2020-06-25,9264.813477,3083.760010,238.629486,1762.099976,-0.005239,0.010959,0.009519,-0.002095
2020-06-26,9162.917969,3009.050049,232.994263,1772.500000,-0.010998,-0.024227,-0.023615,0.005902
2020-06-29,9190.854492,3053.239990,235.535431,1774.800049,0.003049,0.014686,0.010907,0.001298
2020-06-30,9137.993164,3100.290039,240.152313,1793.000000,-0.005752,0.015410,0.019602,0.010255
2020-07-01,9228.325195,3115.860107,242.955353,1773.199951,0.009885,0.005022,0.011672,-0.011043
2020-07-02,9123.410156,3130.010010,244.604218,1784.000000,-0.011369,0.004541,0.006787,0.006091
2020-07-06,9375.474609,3179.719971,250.617737,1788.500000,0.027628,0.015882,0.024585,0.002522
2020-07-07,9252.277344,3145.320068,248.891281,1804.199951,-0.013140,-0.010819,-0.006889,0.008778
2020-07-08,9428.333008,3169.939941,252.169510,1815.500000,0.019028,0.007827,0.013171,0.006263
2020-07-09,9277.967773,3152.050049,254.293701,1799.199951,-0.015948,-0.005644,0.008424,-0.008978
2020-07-10,9278.807617,3185.040039,256.029907,1798.199951,0.000091,0.010466,0.006828,-0.000556
2020-07-13,9243.614258,3155.219971,250.763184,1811.000000,-0.003793,-0.009363,-0.020571,0.007118
2020-07-14,9243.213867,3197.520020,252.538132,1810.599976,-0.000043,0.013406,0.007078,-0.000221
2020-07-15,9192.836914,3226.560059,253.052200,1811.400024,-0.005450,0.009082,0.002036,0.000442
2020-07-16,9132.227539,3215.570068,251.325775,1798.699951,-0.006593,-0.003406,-0.006822,-0.007011
2020-07-17,9151.392578,3224.729980,251.616745,1808.300049,0.002099,0.002849,0.001158,0.005337
2020-07-20,9164.231445,3251.840088,258.755341,1815.900024,0.001403,0.008407,0.028371,0.004203
2020-07-21,9374.887695,3257.300049,256.058960,1842.400024,0.022987,0.001679,-0.010421,0.014593
2020-07-22,9525.363281,3276.020020,256.960968,1864.099976,0.016051,0.005747,0.003523,0.011778
2020-07-23,9581.072266,3235.659912,250.249176,1889.099976,0.005848,-0.012320,-0.026120,0.013411
2020-07-24,9536.892578,3215.629883,247.872864,1897.300049,-0.004611,-0.006190,-0.009496,0.004341
2020-07-27,10990.873047,3239.409912,252.295685,1931.000000,0.152459,0.007395,0.017843,0.017762
2020-07-28,10912.823242,3218.439941,249.085266,1944.699951,-0.007101,-0.006473,-0.012725,0.007095
2020-07-29,11100.467773,3258.439941,251.956161,1953.500000,0.017195,0.012428,0.011526,0.004525
2020-07-30,11111.213867,3246.219971,253.275284,1942.300049,0.000968,-0.003750,0.005236,-0.005733
2020-07-31,11323.466797,3271.120117,257.795135,1962.800049,0.019103,0.007671,0.017846,0.010554
2020-08-03,11246.348633,3294.610107,261.277100,1966.000000,-0.006810,0.007181,0.013507,0.001630
2020-08-04,11205.892578,3306.510010,262.247101,2001.199951,-0.003597,0.003612,0.003713,0.017904
2020-08-05,11747.022461,3327.770020,262.896881,2031.099976,0.048290,0.006430,0.002478,0.014941
2020-08-06,11779.773438,3349.159912,266.378906,2051.500000,0.002788,0.006428,0.013245,0.010044
2020-08-07,11601.472656,3351.280029,263.304291,2010.099976,-0.015136,0.000633,-0.011542,-0.020180
2020-08-10,11878.111328,3360.469971,262.179108,2024.400024,0.023845,0.002742,-0.004273,0.007114
2020-08-11,11410.525391,3333.689941,257.213196,1932.599976,-0.039365,-0.007969,-0.018941,-0.045347
2020-08-12,11584.934570,3380.350098,263.682556,1934.900024,0.015285,0.013997,0.025152,0.001190
2020-08-13,11784.137695,3373.429932,264.283875,1956.699951,0.017195,-0.002047,0.002280,0.011267
2020-08-14,11768.871094,3372.850098,263.973541,1937.000000,-0.001296,-0.000172,-0.001174,-0.010068
2020-08-17,12254.402344,3381.989990,267.038483,1985.000000,0.041256,0.002710,0.011611,0.024781
2020-08-18,11991.233398,3389.780029,269.608704,1999.400024,-0.021475,0.002303,0.009625,0.007254
2020-08-19,11758.283203,3374.850098,267.794983,1958.699951,-0.019427,-0.004404,-0.006727,-0.020356
2020-08-20,11878.372070,3385.510010,271.509827,1933.800049,0.010213,0.003159,0.013872,-0.012712
2020-08-21,11592.489258,3397.159912,273.391388,1934.599976,-0.024068,0.003441,0.006930,0.000414
2020-08-24,11774.595703,3431.280029,275.098541,1927.699951,0.015709,0.010044,0.006244,-0.003567
2020-08-25,11366.134766,3443.620117,277.261475,1911.800049,-0.034690,0.003596,0.007862,-0.008248
2020-08-26,11488.363281,3478.729980,283.177979,1940.699951,0.010754,0.010196,0.021339,0.015117
2020-08-27,11323.397461,3484.550049,282.295380,1921.599976,-0.014359,0.001673,-0.003117,-0.009842
2020-08-28,11542.500000,3508.010010,283.730804,1964.599976,0.019350,0.006733,0.005085,0.022377
2020-08-31,11680.820312,3500.310059,286.010101,1967.599976,0.011984,-0.002195,0.008033,0.001527
2020-09-01,11970.478516,3526.649902,290.898529,1968.199951,0.024798,0.007525,0.017092,0.000305
2020-09-02,11414.034180,3580.840088,293.653015,1934.400024,-0.046485,0.015366,0.009469,-0.017173
2020-09-03,10245.296875,3455.060059,278.764801,1927.599976,-0.102395,-0.035126,-0.050700,-0.003515
2020-09-04,10511.813477,3426.959961,275.050018,1923.900024,0.026014,-0.008133,-0.013326,-0.001919
2020-09-08,10131.516602,3331.840088,261.830017,1933.000000,-0.036178,-0.027756,-0.048064,0.004730
2020-09-09,10242.347656,3398.959961,269.521454,1944.699951,0.010939,0.020145,0.029376,0.006053
2020-09-10,10363.138672,3339.189941,264.148102,1954.199951,0.011793,-0.017585,-0.019937,0.004885
2020-09-11,10400.915039,3340.969971,262.315002,1937.800049,0.003645,0.000533,-0.006940,-0.008392
2020-09-14,10680.837891,3383.540039,266.883270,1953.099976,0.026913,0.012742,0.017415,0.007896
2020-09-15,10796.951172,3401.199951,270.666016,1956.300049,0.010871,0.005219,0.014174,0.001638
2020-09-16,10974.905273,3385.489990,266.349792,1960.199951,0.016482,-0.004619,-0.015947,0.001994
2020-09-17,10948.990234,3357.010010,262.188934,1940.000000,-0.002361,-0.008412,-0.015622,-0.010305
2020-09-18,10944.585938,3319.469971,258.842651,1952.099976,-0.000402,-0.011183,-0.012763,0.006237
2020-09-21,10462.259766,3281.060059,259.463440,1901.199951,-0.044070,-0.011571,0.002398,-0.026074
2020-09-22,10538.459961,3315.570068,264.283875,1898.599976,0.007283,0.010518,0.018578,-0.001368
2020-09-23,10246.186523,3236.919922,256.214142,1859.900024,-0.027734,-0.023721,-0.030534,-0.020383
2020-09-24,10760.066406,3246.590088,257.407166,1868.300049,0.050153,0.002987,0.004656,0.004516
2020-09-25,10692.716797,3298.459961,263.391602,1857.699951,-0.006259,0.015977,0.023249,-0.005674
2020-09-28,10709.652344,3351.600098,268.861938,1872.800049,0.001584,0.016111,0.020769,0.008128
2020-09-29,10844.640625,3335.469971,267.649567,1894.300049,0.012604,-0.004813,-0.004509,0.011480
2020-09-30,10784.491211,3363.000000,269.482635,1887.500000,-0.005546,0.008254,0.006849,-0.003590
2020-10-01,10619.452148,3380.800049,273.760010,1908.400024,-0.015303,0.005293,0.015873,0.011073
2020-10-02,10575.974609,3348.419922,266.058868,1900.199951,-0.004094,-0.009578,-0.028131,-0.004297
2020-10-05,10793.339844,3408.600098,271.732880,1912.500000,0.020553,0.017973,0.021326,0.006473
2020-10-06,10604.406250,3360.969971,266.883270,1901.099976,-0.017505,-0.013974,-0.017847,-0.005961
2020-10-07,10668.968750,3419.439941,271.500122,1883.599976,0.006088,0.017397,0.017299,-0.009205
2020-10-08,10915.685547,3446.830078,272.945312,1888.599976,0.023125,0.008010,0.005323,0.002654
2020-10-09,11064.458008,3477.139893,277.115936,1919.500000,0.013629,0.008794,0.015280,0.016361
2020-10-12,11555.363281,3534.219971,285.670685,1922.500000,0.044368,0.016416,0.030871,0.001563
2020-10-13,11425.899414,3511.929932,285.660889,1888.500000,-0.011204,-0.006307,-0.000034,-0.017685
2020-10-14,11429.506836,3488.669922,283.274963,1901.300049,0.000316,-0.006623,-0.008352,0.006778
2020-10-15,11495.349609,3483.340088,281.373901,1903.199951,0.005761,-0.001528,-0.006711,0.000999
2020-10-16,11322.123047,3483.810059,279.831726,1900.800049,-0.015069,0.000135,-0.005481,-0.001261
2020-10-19,11742.037109,3426.919922,275.263367,1906.400024,0.037088,-0.016330,-0.016325,0.002946
2020-10-20,11916.334961,3443.120117,275.855072,1910.400024,0.014844,0.004727,0.002150,0.002098
2020-10-21,12823.689453,3435.560059,275.641693,1924.599976,0.076144,-0.002196,-0.000774,0.007433
2020-10-22,12965.891602,3453.489990,275.631927,1901.099976,0.011089,0.005219,-0.000035,-0.012210
2020-10-23,12931.539062,3465.389893,276.175049,1902.000000,-0.002649,0.003446,0.001970,0.000473
2020-10-26,13075.248047,3400.969971,272.033508,1902.699951,0.011113,-0.018590,-0.014996,0.000368
2020-10-27,13654.218750,3390.679932,274.157684,1908.800049,0.044280,-0.003026,0.007809,0.003206
2020-10-28,13271.285156,3271.030029,263.469177,1876.199951,-0.028045,-0.035288,-0.038987,-0.017079
2020-10-29,13437.882812,3310.110107,268.076324,1865.599976,0.012553,0.011947,0.017486,-0.005650
2020-10-30,13546.522461,3269.959961,261.277100,1877.400024,0.008085,-0.012130,-0.025363,0.006325
2020-11-02,13550.489258,3310.239990,261.859131,1890.400024,0.000293,0.012318,0.002228,0.006924
2020-11-03,13950.300781,3369.159912,266.388672,1908.500000,0.029505,0.017799,0.017298,0.009575
2020-11-04,14133.707031,3443.439941,278.279846,1894.599976,0.013147,0.022047,0.044638,-0.007283
2020-11-05,15579.848633,3510.449951,285.534882,1945.300049,0.102319,0.019460,0.026071,0.026760
2020-11-06,15565.880859,3509.439941,285.748169,1950.300049,-0.000897,-0.000288,0.000747,0.002570
2020-11-09,15332.315430,3550.500000,279.909332,1853.199951,-0.015005,0.011700,-0.020434,-0.049787
2020-11-10,15290.902344,3545.530029,274.894867,1875.400024,-0.002701,-0.001400,-0.017915,0.011979
2020-11-11,15701.339844,3572.659912,281.044189,1860.699951,0.026842,0.007652,0.022370,-0.007838
2020-11-12,16276.343750,3537.010010,279.725067,1872.599976,0.036621,-0.009979,-0.004694,0.006395
2020-11-13,16317.808594,3585.149902,282.178864,1885.699951,0.002548,0.013610,0.008772,0.006996
2020-11-16,16716.111328,3626.909912,284.380646,1887.300049,0.024409,0.011648,0.007803,0.000849
2020-11-17,17645.406250,3609.530029,283.478607,1884.500000,0.055593,-0.004792,-0.003172,-0.001484
2020-11-18,17804.005859,3567.790039,281.383636,1873.500000,0.008988,-0.011564,-0.007390,-0.005837
2020-11-19,17817.089844,3581.870117,283.585297,1861.099976,0.000735,0.003946,0.007824,-0.006619
2020-11-20,18621.314453,3557.540039,281.645569,1872.599976,0.045138,-0.006793,-0.006840,0.006179
2020-11-23,18364.121094,3577.590088,281.655212,1837.800049,-0.013812,0.005636,0.000034,-0.018584
2020-11-24,19107.464844,3635.409912,285.612396,1804.800049,0.040478,0.016162,0.014050,-0.017956
2020-11-25,18732.121094,3629.649902,287.368011,1805.699951,-0.019644,-0.001584,0.006147,0.000499
2020-11-27,17108.402344,3638.350098,290.015869,1781.900024,-0.086681,0.002397,0.009214,-0.013180
2020-11-30,19625.835938,3621.629883,290.607574,1775.699951,0.147146,-0.004596,0.002040,-0.003479
2020-12-01,18802.998047,3662.449951,294.332062,1814.099976,-0.041926,0.011271,0.012816,0.021625
2020-12-02,19201.091797,3669.010010,294.710358,1825.699951,0.021172,0.001791,0.001285,0.006394
2020-12-03,19445.398438,3666.719971,295.127411,1836.800049,0.012724,-0.000624,0.001415,0.006080
2020-12-04,18699.765625,3699.120117,296.330078,1835.900024,-0.038345,0.008836,0.004075,-0.000490
2020-12-07,19191.630859,3691.959961,298.008026,1861.800049,0.026303,-0.001936,0.005662,0.014108
2020-12-08,18321.144531,3702.250000,299.016632,1870.800049,-0.045358,0.002787,0.003384,0.004834
2020-12-09,18553.916016,3672.820068,292.246643,1834.599976,0.012705,-0.007949,-0.022641,-0.019350
2020-12-10,18264.992188,3668.100098,293.420349,1833.599976,-0.015572,-0.001285,0.004016,-0.000545
2020-12-11,18058.904297,3663.459961,292.770447,1839.800049,-0.011283,-0.001265,-0.002215,0.003381
2020-12-14,19246.644531,3647.489990,294.894623,1828.699951,0.065770,-0.004359,0.007255,-0.006033
2020-12-15,19417.076172,3694.620117,298.046875,1852.300049,0.008855,0.012921,0.010689,0.012905
2020-12-16,21310.597656,3701.169922,299.686005,1856.099976,0.097518,0.001773,0.005500,0.002051
2020-12-17,22805.162109,3722.479980,301.645264,1887.199951,0.070132,0.005758,0.006538,0.016756
2020-12-18,23137.960938,3709.409912,300.733521,1885.699951,0.014593,-0.003511,-0.003023,-0.000795
2020-12-21,22803.082031,3694.919922,300.170868,1879.199951,-0.014473,-0.003906,-0.001871,-0.003447
2020-12-22,23783.029297,3687.260010,300.987122,1866.599976,0.042974,-0.002073,0.002719,-0.006705
2020-12-23,23241.345703,3690.010010,299.471283,1874.699951,-0.022776,0.000746,-0.005036,0.004339
2020-12-24,23735.949219,3703.060059,300.792786,1879.900024,0.021281,0.003537,0.004413,0.002774
2020-12-28,27084.808594,3735.360107,303.824432,1877.199951,0.141088,0.008723,0.010079,-0.001436
2020-12-29,27362.437500,3727.040039,304.096375,1879.699951,0.010250,-0.002227,0.000895,0.001332
2020-12-30,28840.953125,3732.040039,304.106201,1891.000000,0.054034,0.001342,0.000032,0.006012
2020-12-31,29001.720703,3756.070068,304.854401,1893.099976,0.005574,0.006439,0.002460,0.001111
2021-01-04,31971.914062,3700.649902,300.549866,1944.699951,0.102414,-0.014755,-0.014120,0.027257
2021-01-05,33992.429688,3726.860107,303.027588,1952.699951,0.063197,0.007083,0.008244,0.004114
2021-01-06,36824.363281,3748.139893,298.829926,1906.900024,0.083311,0.005710,-0.013852,-0.023455
2021-01-07,39371.042969,3803.790039,306.059235,1912.300049,0.069157,0.014847,0.024192,0.002832
2021-01-08,40797.609375,3824.679932,309.994537,1834.099976,0.036234,0.005492,0.012858,-0.040893
2021-01-11,35566.656250,3799.610107,305.515198,1849.599976,-0.128217,-0.006555,-0.014450,0.008451
2021-01-12,33922.960938,3801.189941,305.029297,1842.900024,-0.046215,0.000416,-0.001590,-0.003622
2021-01-13,37316.359375,3809.840088,307.089233,1853.599976,0.100032,0.002276,0.006753,0.005806
2021-01-14,39187.328125,3795.540039,305.447083,1850.300049,0.050138,-0.003753,-0.005347,-0.001780
2021-01-15,36825.367188,3768.250000,303.027588,1829.300049,-0.060274,-0.007190,-0.007921,-0.011350
2021-01-19,36069.804688,3798.909912,307.448730,1839.500000,-0.020517,0.008136,0.014590,0.005576
2021-01-20,35547.750000,3851.850098,314.600250,1865.900024,-0.014473,0.013936,0.023261,0.014352
2021-01-21,30825.699219,3853.070068,317.117035,1865.300049,-0.132837,0.000317,0.008000,-0.000322
2021-01-22,33005.761719,3841.469971,316.203644,1855.699951,0.070722,-0.003011,-0.002880,-0.005147
2021-01-25,32366.392578,3855.360107,318.817444,1854.900024,-0.019371,0.003616,0.008266,-0.000431
2021-01-26,32569.849609,3849.620117,319.283844,1850.699951,0.006286,-0.001489,0.001463,-0.002264
2021-01-27,30432.546875,3750.770020,310.383209,1844.900024,-0.065622,-0.025678,-0.027877,-0.003134
2021-01-28,33466.097656,3787.379883,312.219727,1837.900024,0.099681,0.009761,0.005917,-0.003794
2021-01-29,34316.386719,3714.239990,305.651154,1847.300049,0.025407,-0.019311,-0.021038,0.005115
2021-02-01,33537.175781,3773.860107,313.288544,1860.800049,-0.022707,0.016052,0.024987,0.007308
2021-02-02,35510.289062,3826.310059,318.399567,1830.500000,0.058834,0.013898,0.016314,-0.016283
2021-02-03,37472.089844,3830.169922,317.136353,1832.199951,0.055246,0.001009,-0.003967,0.000929
2021-02-04,36926.066406,3871.739990,320.886993,1788.900024,-0.014571,0.010853,0.011827,-0.023633
2021-02-05,38144.308594,3886.830078,321.975311,1810.900024,0.032991,0.003897,0.003392,0.012298
2021-02-08,46196.464844,3915.590088,324.132446,1831.900024,0.211097,0.007399,0.006700,0.011596
2021-02-09,46481.105469,3911.229980,324.064423,1835.300049,0.006162,-0.001114,-0.000210,0.001856
2021-02-10,44918.183594,3909.879883,323.326080,1840.599976,-0.033625,-0.000345,-0.002278,0.002888
2021-02-11,47909.332031,3916.379883,325.104187,1824.900024,0.066591,0.001662,0.005499,-0.008530
2021-02-12,47504.851562,3934.830078,326.921173,1821.599976,-0.008443,0.004711,0.005589,-0.001808
2021-02-16,49199.871094,3932.590088,326.036987,1797.199951,0.035681,-0.000569,-0.002705,-0.013395
2021-02-17,52149.007812,3931.330078,324.472565,1771.099976,0.059942,-0.000320,-0.004798,-0.014523
2021-02-18,51679.796875,3913.969971,323.053925,1773.400024,-0.008998,-0.004416,-0.004372,0.001299
2021-02-19,55888.132812,3906.709961,321.645020,1775.800049,0.081431,-0.001855,-0.004361,0.001353
2021-02-22,54207.320312,3876.500000,313.307953,1806.699951,-0.030075,-0.007733,-0.025920,0.017401
2021-02-23,48824.425781,3881.370117,312.375244,1804.400024,-0.099302,0.001256,-0.002977,-0.001273
2021-02-24,49705.332031,3925.429932,314.950134,1796.400024,0.018042,0.011352,0.008243,-0.004434
2021-02-25,47093.851562,3829.340088,303.970123,1774.400024,-0.052539,-0.024479,-0.034863,-0.012247
2021-02-26,46339.761719,3811.149902,305.243134,1728.099976,-0.016012,-0.004750,0.004188,-0.026093
2021-03-01,49631.242188,3901.820068,314.425385,1722.500000,0.071029,0.023791,0.030082,-0.003241
2021-03-02,48378.988281,3870.290039,309.382416,1733.099976,-0.025231,-0.008081,-0.016039,0.006154
2021-03-03,50538.242188,3819.719971,300.404083,1715.300049,0.044632,-0.013066,-0.029020,-0.010271
2021-03-04,48561.167969,3768.469971,295.487366,1700.199951,-0.039120,-0.013417,-0.016367,-0.008803
2021-03-05,48927.304688,3841.939941,299.937683,1698.000000,0.007540,0.019496,0.015061,-0.001294
2021-03-08,52246.523438,3821.350098,291.445190,1677.699951,0.067840,-0.005359,-0.028314,-0.011955
2021-03-09,54824.117188,3875.439941,302.940186,1716.599976,0.049335,0.014155,0.039441,0.023187
2021-03-10,56008.550781,3898.810059,302.075439,1721.500000,0.021604,0.006030,-0.002855,0.002854
2021-03-11,57805.121094,3939.340088,309.032593,1722.300049,0.032077,0.010395,0.023031,0.000465
2021-03-12,57332.089844,3943.340088,306.525635,1719.500000,-0.008183,0.001015,-0.008112,-0.001626
2021-03-15,55907.199219,3968.939941,309.800232,1728.900024,-0.024853,0.006492,0.010683,0.005467
2021-03-16,56804.902344,3962.709961,311.500671,1730.599976,0.016057,-0.001570,0.005489,0.000983
2021-03-17,58870.894531,3974.120117,312.783295,1726.800049,0.036370,0.002879,0.004118,-0.002196
2021-03-18,57858.921875,3915.459961,303.202484,1732.199951,-0.017190,-0.014761,-0.030631,0.003127
2021-03-19,58346.652344,3913.100098,304.271362,1741.400024,0.008430,-0.000603,0.003525,0.005311
2021-03-22,54529.144531,3940.590088,309.977448,1737.800049,-0.065428,0.007025,0.018753,-0.002067
2021-03-23,54738.945312,3910.520020,308.625122,1724.699951,0.003847,-0.007631,-0.004363,-0.007538
2021-03-24,52774.265625,3889.139893,303.420135,1732.900024,-0.035892,-0.005467,-0.016865,0.004754
2021-03-25,51704.160156,3909.520020,302.894684,1724.900024,-0.020277,0.005240,-0.001732,-0.004617
2021-03-26,55137.312500,3974.540039,307.438141,1732.199951,0.066400,0.016631,0.015000,0.004232
2021-03-29,57750.199219,3971.090088,307.350586,1712.099976,0.047389,-0.000868,-0.000285,-0.011604
2021-03-30,58917.691406,3958.550049,305.803741,1683.900024,0.020216,-0.003158,-0.005033,-0.016471
2021-03-31,58918.832031,3972.889893,310.483368,1713.800049,0.000019,0.003622,0.015303,0.017756
2021-04-01,59095.808594,4019.870117,315.775940,1726.500000,0.003004,0.011825,0.017046,0.007410
2021-04-05,59057.878906,4077.909912,322.080444,1727.000000,-0.000642,0.014438,0.019965,0.000290
2021-04-06,58192.359375,4073.939941,321.856598,1741.500000,-0.014655,-0.000974,-0.000695,0.008396
2021-04-07,56048.937500,4079.949951,322.634979,1740.099976,-0.036833,0.001475,0.002418,-0.000804
2021-04-08,58323.953125,4097.169922,326.001129,1756.800049,0.040590,0.004221,0.010433,0.009597
2021-04-09,58245.003906,4128.799805,327.976227,1743.300049,-0.001354,0.007720,0.006059,-0.007684
2021-04-12,59893.453125,4127.990234,327.548157,1731.199951,0.028302,-0.000196,-0.001305,-0.006941
2021-04-13,63503.457031,4141.589844,331.371643,1746.199951,0.060274,0.003294,0.011673,0.008665
2021-04-14,63109.695312,4124.660156,327.392487,1734.900024,-0.006201,-0.004088,-0.012008,-0.006471
2021-04-15,63314.011719,4170.419922,332.354248,1765.400024,0.003237,0.011094,0.015155,0.017580
2021-04-16,61572.789062,4185.470215,332.743500,1779.000000,-0.027501,0.003609,0.001171,0.007704
2021-04-19,55724.265625,4163.259766,329.698334,1769.400024,-0.094986,-0.005307,-0.009152,-0.005396
2021-04-20,56473.031250,4134.939941,327.295258,1777.300049,0.013437,-0.006802,-0.007289,0.004465
2021-04-21,53906.089844,4173.419922,330.097168,1792.300049,-0.045454,0.009306,0.008561,0.008440
2021-04-22,51762.273438,4134.979980,326.117950,1781.199951,-0.039769,-0.009211,-0.012055,-0.006193
2021-04-23,51093.652344,4180.169922,330.223663,1777.000000,-0.012917,0.010929,0.012590,-0.002358
2021-04-26,54021.753906,4187.620117,332.373779,1779.199951,0.057309,0.001782,0.006511,0.001238
2021-04-27,55033.117188,4186.720215,330.933868,1778.000000,0.018721,-0.000215,-0.004332,-0.000674
2021-04-28,54824.703125,4183.180176,329.815002,1773.199951,-0.003787,-0.000846,-0.003381,-0.002700
2021-04-29,53555.109375,4211.470215,331.001984,1768.099976,-0.023157,0.006763,0.003599,-0.002876
2021-04-30,57750.175781,4181.169922,328.832367,1767.300049,0.078332,-0.007195,-0.006555,-0.000452
2021-05-03,57200.292969,4192.660156,327.081146,1791.400024,-0.009522,0.002748,-0.005326,0.013637
2021-05-04,53333.539062,4164.660156,321.195129,1775.800049,-0.067600,-0.006678,-0.017996,-0.008708
2021-05-05,57424.007812,4167.589844,320.115143,1784.099976,0.076696,0.000703,-0.003362,0.004674
2021-05-06,56396.515625,4201.620117,322.527985,1815.500000,-0.017893,0.008165,0.007537,0.017600
2021-05-07,57356.402344,4232.600098,325.145111,1831.099976,0.017020,0.007373,0.008114,0.008593
2021-05-10,55859.796875,4188.430176,316.933716,1837.500000,-0.026093,-0.010436,-0.025255,0.003495
2021-05-11,56704.574219,4152.100098,316.495941,1835.900024,0.015123,-0.008674,-0.001381,-0.000871
2021-05-12,49150.535156,4063.040039,308.304077,1822.599976,-0.133217,-0.021449,-0.025883,-0.007244
2021-05-13,49716.191406,4112.500000,310.687683,1823.800049,0.011509,0.012173,0.007731,0.000658
2021-05-14,49880.535156,4173.850098,317.546661,1837.900024,0.003306,0.014918,0.022077,0.007731
2021-05-17,43537.511719,4163.290039,315.620270,1867.500000,-0.127164,-0.002530,-0.006066,0.016105
2021-05-18,42909.402344,4127.830078,313.489685,1867.800049,-0.014427,-0.008517,-0.006750,0.000161
2021-05-19,37002.441406,4115.680176,313.849640,1881.300049,-0.137661,-0.002943,0.001148,0.007228
2021-05-20,40782.738281,4159.120117,319.920532,1881.800049,0.102163,0.010555,0.019343,0.000266
2021-05-21,37304.691406,4155.859863,318.149963,1876.699951,-0.085282,-0.000784,-0.005534,-0.002710
2021-05-24,38705.980469,4197.049805,323.500854,1884.599976,0.037563,0.009911,0.016819,0.004210
2021-05-25,38402.222656,4188.129883,323.948395,1898.099976,-0.007848,-0.002125,0.001383,0.007163
2021-05-26,39294.199219,4195.990234,325.076996,1901.300049,0.023227,0.001877,0.003484,0.001686
2021-05-27,38436.968750,4200.879883,323.860779,1895.699951,-0.021816,0.001165,-0.003741,-0.002945
2021-05-28,35697.605469,4204.109863,324.882385,1902.500000,-0.071269,0.000769,0.003154,0.003587
2021-06-01,36684.925781,4202.040039,323.802490,1902.900024,0.027658,-0.000492,-0.003324,0.000210
2021-06-02,37575.179688,4208.120117,324.434845,1907.500000,0.024268,0.001447,0.001953,0.002417
2021-06-03,39208.765625,4192.850098,321.058868,1871.199951,0.043475,-0.003629,-0.010406,-0.019030
2021-06-04,36894.406250,4229.890137,326.507141,1889.800049,-0.059027,0.008834,0.016970,0.009940
2021-06-07,33560.707031,4226.520020,327.480103,1896.800049,-0.090358,-0.000797,0.002980,0.003704
2021-06-08,33472.632812,4227.259766,327.635712,1892.199951,-0.002624,0.000175,0.000475,-0.002425
2021-06-09,37345.121094,4219.549805,327.713501,1893.199951,0.115691,-0.001824,0.000237,0.000528
2021-06-10,36702.597656,4239.180176,331.128418,1894.199951,-0.017205,0.004652,0.010420,0.000528
2021-06-11,37334.398438,4247.439941,331.994293,1877.400024,0.017214,0.001948,0.002615,-0.008869
2021-06-14,40218.476562,4255.149902,335.175781,1864.000000,0.077250,0.001815,0.009583,-0.007138
2021-06-15,40406.269531,4246.589844,332.986664,1854.500000,0.004669,-0.002012,-0.006531,-0.005097
2021-06-16,38347.062500,4223.700195,331.770569,1859.500000,-0.050963,-0.005390,-0.003652,0.002696
2021-06-17,38053.503906,4221.859863,335.983276,1773.800049,-0.007655,-0.000436,0.012698,-0.046088
2021-06-18,35787.246094,4166.450195,333.346649,1767.900024,-0.059555,-0.013124,-0.007847,-0.003326
2021-06-21,31676.693359,4224.790039,335.418427,1781.800049,-0.114861,0.014002,0.006215,0.007862
2021-06-22,32505.660156,4246.439941,338.545074,1776.300049,0.026170,0.005124,0.009322,-0.003087
2021-06-23,33723.027344,4241.839844,338.710724,1782.300049,0.037451,-0.001083,0.000489,0.003378
2021-06-24,34662.437500,4266.490234,340.804932,1775.599976,0.027857,0.005811,0.006183,-0.003759
2021-06-25,31637.779297,4280.700195,340.385925,1776.599976,-0.087260,0.003331,-0.001229,0.000563
2021-06-28,34434.335938,4290.609863,344.525635,1779.599976,0.088393,0.002315,0.012162,0.001689
2021-06-29,35867.777344,4291.799805,345.772461,1762.800049,0.041628,0.000277,0.003619,-0.009440
2021-06-30,35040.835938,4297.500000,345.226929,1770.800049,-0.023055,0.001328,-0.001578,0.004538
2021-07-01,33572.117188,4319.939941,345.363373,1775.900024,-0.041914,0.005222,0.000395,0.002880
2021-07-02,33897.046875,4352.339844,349.327637,1782.599976,0.009679,0.007500,0.011479,0.003773
2021-07-06,34235.195312,4343.540039,350.837433,1793.500000,0.009976,-0.002022,0.004322,0.006115
2021-07-07,33855.328125,4358.129883,351.577698,1801.500000,-0.011096,0.003359,0.002110,0.004461
2021-07-08,32877.371094,4320.819824,349.454224,1799.599976,-0.028886,-0.008561,-0.006040,-0.001055
2021-07-09,33798.011719,4369.549805,351.636108,1810.000000,0.028002,0.011278,0.006244,0.005779
2021-07-12,33155.847656,4384.629883,353.009491,1805.500000,-0.019000,0.003451,0.003906,-0.002486
2021-07-13,32702.025391,4369.209961,353.009491,1809.400024,-0.013688,-0.003517,0.000000,0.002160
2021-07-14,32822.347656,4374.299805,353.642609,1824.300049,0.003679,0.001165,0.001793,0.008235
2021-07-15,31780.730469,4360.029785,351.158813,1828.400024,-0.031735,-0.003262,-0.007023,0.002247
2021-07-16,31421.539062,4327.160156,348.314575,1814.500000,-0.011302,-0.007539,-0.008100,-0.007602
2021-07-19,30817.832031,4258.490234,345.460693,1808.699951,-0.019213,-0.015870,-0.008193,-0.003196
2021-07-20,29807.347656,4323.060059,349.473785,1810.900024,-0.032789,0.015163,0.011617,0.001216
2021-07-21,32110.693359,4358.689941,352.171875,1802.900024,0.077274,0.008242,0.007720,-0.004418
2021-07-22,32313.105469,4367.479980,354.499725,1805.000000,0.006304,0.002017,0.006610,0.001165
2021-07-23,33581.550781,4411.790039,358.639404,1801.400024,0.039255,0.010145,0.011678,-0.001994
2021-07-26,37337.535156,4422.299805,358.921844,1798.699951,0.111847,0.002382,0.000788,-0.001499
2021-07-27,39406.941406,4401.459961,354.967316,1799.500000,0.055424,-0.004712,-0.011018,0.000445
2021-07-28,39995.906250,4400.640137,356.330963,1799.500000,0.014946,-0.000186,0.003842,0.000000
2021-07-29,40008.421875,4419.149902,356.964050,1831.199951,0.000313,0.004206,0.001777,0.017616
2021-07-30,42235.546875,4395.259766,355.103760,1812.599976,0.055666,-0.005406,-0.005211,-0.010157
2021-08-02,39201.945312,4387.160156,355.132904,1818.099976,-0.071826,-0.001843,0.000082,0.003034
2021-08-03,38152.980469,4423.149902,357.285492,1810.099976,-0.026758,0.008203,0.006061,-0.004400
2021-08-04,39747.503906,4402.660156,357.801666,1810.500000,0.041793,-0.004632,0.001445,0.000221
2021-08-05,40869.554688,4429.100098,360.071259,1805.099976,0.028229,0.006005,0.006343,-0.002983
2021-08-06,42816.500000,4436.520020,358.493256,1760.000000,0.047638,0.001675,-0.004382,-0.024985
2021-08-09,46365.402344,4432.350098,359.155670,1723.400024,0.082886,-0.000940,0.001848,-0.020795
2021-08-10,45585.031250,4436.750000,357.314758,1728.800049,-0.016831,0.000993,-0.005126,0.003133
2021-08-11,45593.636719,4442.410156,356.701141,1750.400024,0.000189,0.001276,-0.001717,0.012494
2021-08-12,44428.289062,4460.830078,357.986816,1749.000000,-0.025559,0.004146,0.003604,-0.000800
2021-08-13,47793.320312,4468.000000,359.243256,1775.199951,0.075741,0.001607,0.003510,0.014980
2021-08-16,46004.484375,4479.709961,359.399109,1786.900024,-0.037429,0.002621,0.000434,0.006591
2021-08-17,44695.359375,4448.080078,356.233582,1785.000000,-0.028456,-0.007061,-0.008808,-0.001063
2021-08-18,44801.187500,4400.270020,352.804932,1781.599976,0.002368,-0.010748,-0.009625,-0.001905
2021-08-19,46717.578125,4405.799805,354.509521,1780.199951,0.042775,0.001257,0.004832,-0.000786
2021-08-20,49339.175781,4441.669922,358.181671,1781.000000,0.056116,0.008142,0.010358,0.000449
2021-08-23,49546.148438,4479.529785,363.538757,1803.199951,0.004195,0.008524,0.014956,0.012465
2021-08-24,47706.117188,4486.229980,364.649200,1805.599976,-0.037138,0.001496,0.003055,0.001331
2021-08-25,48960.789062,4496.189941,365.068024,1788.199951,0.026300,0.002220,0.001149,-0.009637
2021-08-26,46942.218750,4470.000000,362.749756,1792.199951,-0.041228,-0.005825,-0.006350,0.002237
2021-08-27,49058.667969,4509.370117,366.275848,1816.599976,0.045086,0.008808,0.009720,0.013615
2021-08-30,47054.984375,4528.790039,370.386230,1809.000000,-0.040843,0.004307,0.011222,-0.004184
2021-08-31,47166.687500,4522.680176,370.084320,1815.000000,0.002374,-0.001349,-0.000815,0.003317
2021-09-01,48847.027344,4524.089844,370.697968,1813.099976,0.035626,0.000312,0.001658,-0.001047
2021-09-02,49327.722656,4536.950195,370.522614,1808.699951,0.009841,0.002843,-0.000473,-0.002427
2021-09-03,50025.375000,4535.430176,371.662292,1830.900024,0.014143,-0.000335,0.003076,0.012274
2021-09-07,46811.128906,4520.029785,372.188202,1795.900024,-0.064252,-0.003396,0.001415,-0.019116
2021-09-08,46091.390625,4514.069824,370.892792,1790.699951,-0.015375,-0.001319,-0.003481,-0.002896
2021-09-09,46391.421875,4493.279785,369.616791,1797.400024,0.006509,-0.004606,-0.003440,0.003742
2021-09-10,44883.910156,4458.580078,366.811584,1789.599976,-0.032495,-0.007723,-0.007589,-0.004340
2021-09-13,44963.074219,4468.729980,366.558258,1792.000000,0.001764,0.002276,-0.000691,0.001341
2021-09-14,47092.492188,4443.049805,365.516083,1804.699951,0.047359,-0.005747,-0.002843,0.007087
2021-09-15,48176.347656,4480.700195,368.233643,1792.400024,0.023015,0.008474,0.007435,-0.006815
2021-09-16,47783.359375,4473.750000,368.486877,1754.599976,-0.008157,-0.001551,0.000688,-0.021089
2021-09-17,47267.519531,4432.990234,364.123260,1749.400024,-0.010795,-0.009111,-0.011842,-0.002964
2021-09-20,42843.800781,4357.729980,356.599182,1761.800049,-0.093589,-0.016977,-0.020664,0.007088
2021-09-21,40693.675781,4354.189941,357.038055,1776.000000,-0.050185,-0.000812,0.001231,0.008060
2021-09-22,43574.507812,4395.640137,360.372925,1776.699951,0.070793,0.009520,0.009340,0.000394
2021-09-23,44895.097656,4448.979980,363.698120,1747.699951,0.030306,0.012135,0.009227,-0.016322
2021-09-24,42839.750000,4455.479980,364.039337,1749.699951,-0.045781,0.001461,0.000938,0.001144
2021-09-27,42235.730469,4443.109863,361.133514,1750.000000,-0.014100,-0.002776,-0.007982,0.000171
2021-09-28,41034.542969,4352.629883,350.914337,1735.800049,-0.028440,-0.020364,-0.028298,-0.008114
2021-09-29,41564.363281,4359.459961,350.338989,1721.500000,0.012912,0.001569,-0.001640,-0.008238
2021-09-30,43790.894531,4307.540039,349.051788,1755.300049,0.053568,-0.011910,-0.003674,0.019634
2021-10-01,48116.941406,4357.040039,351.216614,1757.000000,0.098789,0.011491,0.006202,0.000968
2021-10-04,49112.902344,4300.459961,343.844696,1766.199951,0.020699,-0.012986,-0.020990,0.005236
2021-10-05,51514.812500,4345.720215,348.486237,1759.599976,0.048906,0.010525,0.013499,-0.003737
2021-10-06,55361.449219,4363.549805,350.719330,1760.500000,0.074670,0.004103,0.006408,0.000511
2021-10-07,53805.984375,4399.759766,353.937164,1757.900024,-0.028097,0.008298,0.009175,-0.001477
2021-10-08,53967.847656,4391.339844,352.172241,1756.300049,0.003008,-0.001914,-0.004987,-0.000910
2021-10-11,57484.789062,4361.189941,349.471222,1754.599976,0.065167,-0.006866,-0.007670,-0.000968
2021-10-12,56041.058594,4350.649902,348.252289,1758.300049,-0.025115,-0.002417,-0.003488,0.002109
2021-10-13,57401.097656,4363.799805,351.041107,1793.699951,0.024269,0.003023,0.008008,0.020133
2021-10-14,57321.523438,4438.259766,357.506104,1796.699951,-0.001386,0.017063,0.018417,0.001673
2021-10-15,61593.949219,4471.370117,359.758636,1767.199951,0.074534,0.007460,0.006301,-0.016419
2021-10-18,62026.078125,4486.459961,363.376251,1764.800049,0.007016,0.003375,0.010056,-0.001358
2021-10-19,64261.992188,4519.629883,366.126099,1769.699951,0.036048,0.007393,0.007567,0.002776
2021-10-20,65992.835938,4536.189941,365.648285,1784.099976,0.026934,0.003664,-0.001305,0.008137
2021-10-21,62210.171875,4549.779785,367.881287,1781.199951,-0.057319,0.002996,0.006107,-0.001625
2021-10-22,60692.265625,4544.899902,364.790253,1795.500000,-0.024400,-0.001073,-0.008402,0.008028
2021-10-25,63039.824219,4566.479980,368.524872,1806.000000,0.038680,0.004748,0.010238,0.005848
2021-10-26,60363.792969,4574.790039,369.685242,1792.699951,-0.042450,0.001820,0.003149,-0.007364
2021-10-27,58482.386719,4551.680176,370.543365,1797.900024,-0.031168,-0.005052,0.002321,0.002901
2021-10-28,60622.136719,4596.419922,374.658325,1801.599976,0.036588,0.009829,0.011105,0.002058
2021-10-29,62227.964844,4605.379883,376.501312,1783.000000,0.026489,0.001949,0.004919,-0.010324
2021-11-01,61004.406250,4613.669922,377.788452,1795.099976,-0.019663,0.001800,0.003419,0.006786
2021-11-02,63226.402344,4630.649902,379.368195,1788.699951,0.036424,0.003680,0.004182,-0.003565
2021-11-03,62970.046875,4660.569824,383.395355,1763.599976,-0.004055,0.006461,0.010615,-0.014033
2021-11-04,61452.230469,4680.060059,388.309937,1793.000000,-0.024104,0.004182,0.012819,0.016670
2021-11-05,61125.675781,4697.529785,388.680481,1816.400024,-0.005314,0.003733,0.000954,0.013051
2021-11-08,67566.828125,4701.700195,388.153900,1827.400024,0.105376,0.000888,-0.001355,0.006056
2021-11-09,66971.828125,4685.250000,385.482086,1830.199951,-0.008806,-0.003499,-0.006883,0.001532
2021-11-10,64995.230469,4646.709961,379.816711,1847.599976,-0.029514,-0.008226,-0.014697,0.009507
2021-11-11,64949.960938,4649.270020,380.869843,1863.199951,-0.000697,0.000551,0.002773,0.008443
2021-11-12,64155.941406,4682.850098,384.877533,1867.900024,-0.012225,0.007223,0.010522,0.002523
2021-11-15,63557.871094,4682.799805,384.789734,1866.099976,-0.009322,-0.000011,-0.000228,-0.000964
2021-11-16,60161.246094,4700.899902,387.529816,1853.599976,-0.053441,0.003865,0.007121,-0.006698
2021-11-17,60368.011719,4688.669922,387.734680,1869.699951,0.003437,-0.002602,0.000529,0.008686
2021-11-18,56942.136719,4704.540039,391.752045,1861.000000,-0.056750,0.003385,0.010361,-0.004653
2021-11-19,58119.578125,4697.959961,393.936340,1851.199951,0.020678,-0.001399,0.005576,-0.005266
2021-11-22,56289.289062,4682.939941,389.363098,1806.000000,-0.031492,-0.003197,-0.011609,-0.024417
2021-11-23,57569.074219,4690.700195,387.588379,1783.500000,0.022736,0.001657,-0.004558,-0.012458
2021-11-24,56280.425781,4701.459961,388.836517,1784.099976,-0.022384,0.002294,0.003220,0.000336
2021-11-26,53569.765625,4594.620117,381.464569,1785.300049,-0.048163,-0.022725,-0.018959,0.000673
2021-11-29,57806.566406,4655.270020,389.743347,1782.300049,0.079089,0.013200,0.021703,-0.001680
2021-11-30,57005.425781,4567.000000,384.019501,1773.599976,-0.013859,-0.018961,-0.014686,-0.004881
2021-12-01,57229.828125,4513.040039,377.486176,1781.599976,0.003937,-0.011815,-0.017013,0.004511
2021-12-02,56477.816406,4577.100098,380.206696,1760.699951,-0.013140,0.014194,0.007207,-0.011731
2021-12-03,53598.246094,4538.430176,373.595520,1782.000000,-0.050986,-0.008449,-0.017388,0.012097
2021-12-06,50582.625000,4591.669922,376.589111,1777.500000,-0.056263,0.011731,0.008013,-0.002525
2021-12-07,50700.085938,4686.750000,387.929626,1782.599976,0.002322,0.020707,0.030114,0.002869
2021-12-08,50504.796875,4701.209961,389.665375,1783.400024,-0.003852,0.003085,0.004474,0.000449
2021-12-09,47672.121094,4667.450195,383.931610,1774.599976,-0.056087,-0.007181,-0.014715,-0.004934
2021-12-10,47243.304688,4712.020020,388.105194,1782.900024,-0.008995,0.009549,0.010871,0.004677
2021-12-13,46737.480469,4668.970215,382.498291,1786.300049,-0.010707,-0.009136,-0.014447,0.001907
2021-12-14,46612.632812,4634.089844,378.539246,1770.400024,-0.002671,-0.007471,-0.010350,-0.008901
2021-12-15,48896.722656,4709.850098,387.169098,1762.599976,0.049002,0.016348,0.022798,-0.004406
2021-12-16,47665.425781,4668.669922,377.213135,1796.599976,-0.025182,-0.008743,-0.025715,0.019290
2021-12-17,46202.144531,4620.640137,375.331146,1803.800049,-0.030699,-0.010288,-0.004989,0.004008
2021-12-20,46880.277344,4568.020020,371.690338,1793.699951,0.014678,-0.011388,-0.009700,-0.005599
2021-12-21,48936.613281,4649.229980,380.008881,1787.900024,0.043864,0.017778,0.022380,-0.003233
2021-12-22,48628.511719,4696.560059,384.636902,1801.599976,-0.006296,0.010180,0.012179,0.007663
2021-12-23,50784.539062,4725.790039,387.536682,1811.199951,0.044337,0.006224,0.007539,0.005329
2021-12-27,50640.417969,4791.189941,393.941559,1808.099976,-0.002838,0.013839,0.016527,-0.001712
2021-12-28,47588.855469,4786.350098,392.115753,1810.199951,-0.060259,-0.001010,-0.004635,0.001161
2021-12-29,46444.710938,4793.060059,392.057190,1805.099976,-0.024042,0.001402,-0.000149,-0.002817
2021-12-30,47178.125000,4778.729980,390.885559,1812.699951,0.015791,-0.002990,-0.002988,0.004210
2021-12-31,46306.445312,4766.180176,388.444672,1827.500000,-0.018476,-0.002626,-0.006245,0.008165
2022-01-03,46458.117188,4796.560059,392.184052,1799.400024,0.003275,0.006374,0.009627,-0.015376
2022-01-04,45897.574219,4793.540039,387.097290,1814.000000,-0.012066,-0.000630,-0.012970,0.008114
2022-01-05,43569.003906,4700.580078,375.205261,1824.599976,-0.050734,-0.019393,-0.030721,0.005843
2022-01-06,43160.929688,4696.049805,374.941620,1788.699951,-0.009366,-0.000964,-0.000703,-0.019676
2022-01-07,41557.902344,4677.029785,370.879883,1797.000000,-0.037141,-0.004050,-0.010833,0.004640
2022-01-10,41821.261719,4670.290039,371.124054,1798.400024,0.006337,-0.001441,0.000658,0.000779
2022-01-11,42735.855469,4713.069824,376.699127,1818.599976,0.021869,0.009160,0.015022,0.011232
2022-01-12,43949.101562,4726.350098,378.192841,1827.199951,0.028389,0.002818,0.003965,0.004729
2022-01-13,42591.570312,4659.029785,368.731964,1821.199951,-0.030889,-0.014244,-0.025016,-0.003284
2022-01-14,43099.699219,4662.850098,371.026428,1816.500000,0.011930,0.000820,0.006223,-0.002581
2022-01-18,42375.632812,4577.109863,361.790039,1812.300049,-0.016800,-0.018388,-0.024894,-0.002312
2022-01-19,41744.328125,4532.759766,357.816254,1843.099976,-0.014898,-0.009690,-0.010984,0.016995
2022-01-20,40680.417969,4482.729980,353.168823,1842.500000,-0.025486,-0.011037,-0.012988,-0.000326
2022-01-21,36457.316406,4397.939941,343.375854,1831.800049,-0.103812,-0.018915,-0.027729,-0.005807
2022-01-24,36654.328125,4410.129883,344.947784,1841.699951,0.005404,0.002772,0.004578,0.005404
2022-01-25,36954.003906,4356.450195,336.951416,1852.699951,0.008176,-0.012172,-0.023181,0.005973
2022-01-26,36852.121094,4349.930176,336.424255,1829.900024,-0.002757,-0.001497,-0.001565,-0.012306
2022-01-27,37138.234375,4326.509766,333.036255,1793.300049,0.007764,-0.005384,-0.010071,-0.020001
2022-01-28,37784.332031,4431.850098,343.483246,1784.900024,0.017397,0.024348,0.031369,-0.004684
2022-01-31,38483.125000,4515.549805,354.467346,1795.000000,0.018494,0.018886,0.031979,0.005659
2022-02-01,38743.273438,4546.540039,356.878876,1800.300049,0.006760,0.006863,0.006803,0.002953
2022-02-02,36952.984375,4589.379883,359.778717,1809.199951,-0.046209,0.009423,0.008126,0.004944
2022-02-03,37154.601562,4477.439941,345.191895,1803.000000,0.005456,-0.024391,-0.040544,-0.003427
2022-02-04,41500.875000,4500.529785,349.546509,1806.599976,0.116978,0.005157,0.012615,0.001997
2022-02-07,43840.285156,4483.870117,346.734558,1820.599976,0.056370,-0.003702,-0.008045,0.007749
2022-02-08,44118.445312,4521.540039,350.630219,1826.599976,0.006345,0.008401,0.011235,0.003296
2022-02-09,44338.796875,4587.180176,358.060333,1835.199951,0.004995,0.014517,0.021191,0.004708
2022-02-10,43565.113281,4504.080078,349.956573,1836.199951,-0.017449,-0.018116,-0.022632,0.000545
2022-02-11,42407.937500,4418.640137,338.855286,1840.800049,-0.026562,-0.018969,-0.031722,0.002505
2022-02-14,42586.917969,4401.669922,339.275146,1868.000000,0.004220,-0.003841,0.001239,0.014776
2022-02-15,44575.203125,4471.069824,347.710907,1854.800049,0.046688,0.015767,0.024864,-0.007066
2022-02-16,43961.859375,4475.009766,347.623077,1870.199951,-0.013760,0.000881,-0.000253,0.008303
2022-02-17,40538.011719,4380.259766,337.283417,1900.699951,-0.077882,-0.021173,-0.029744,0.016308
2022-02-18,40030.976562,4348.870117,333.436523,1898.599976,-0.012508,-0.007166,-0.011406,-0.001105
2022-02-22,38286.027344,4304.759766,330.087677,1906.099976,-0.043590,-0.010143,-0.010043,0.003950
2022-02-23,37296.570312,4225.500000,321.632355,1909.199951,-0.025844,-0.018412,-0.025615,0.001626
2022-02-24,38332.609375,4288.700195,332.440674,1925.099976,0.027778,0.014957,0.033605,0.008328
2022-02-25,39214.218750,4384.649902,337.595856,1886.500000,0.022999,0.022373,0.015507,-0.020051
2022-02-28,43193.234375,4373.939941,338.601501,1899.400024,0.101469,-0.002443,0.002979,0.006838
2022-03-01,44354.636719,4306.259766,333.416992,1942.400024,0.026889,-0.015474,-0.015312,0.022639
2022-03-02,43924.117188,4386.540039,339.011597,1920.900024,-0.009706,0.018643,0.016780,-0.011069
2022-03-03,42451.789062,4363.490234,334.168762,1934.400024,-0.033520,-0.005255,-0.014285,0.007028
2022-03-04,39137.605469,4328.870117,329.326111,1965.099976,-0.078069,-0.007934,-0.014492,0.015871
2022-03-07,38062.039062,4201.089844,317.180176,1993.900024,-0.027482,-0.029518,-0.036881,0.014656
2022-03-08,38737.269531,4170.700195,315.705872,2040.099976,0.017740,-0.007234,-0.004648,0.023171
2022-03-09,41982.925781,4277.879883,327.070679,1985.900024,0.083786,0.025698,0.035998,-0.026567
2022-03-10,39437.460938,4259.520020,323.438629,1998.099976,-0.060631,-0.004292,-0.011105,0.006143
2022-03-11,38794.972656,4204.310059,316.731018,1982.699951,-0.016291,-0.012962,-0.020738,-0.007707
2022-03-14,39666.753906,4173.109863,310.648407,1959.599976,0.022472,-0.007421,-0.019204,-0.011651
2022-03-15,39338.785156,4262.450195,320.392426,1928.500000,-0.008268,0.021409,0.031367,-0.015871
2022-03-16,41143.929688,4357.859863,332.274719,1908.000000,0.045887,0.022384,0.037087,-0.010630
2022-03-17,40951.378906,4411.669922,336.297272,1942.099976,-0.004680,0.012348,0.012106,0.017872
2022-03-18,41801.156250,4463.120117,343.180634,1928.199951,0.020751,0.011662,0.020468,-0.007157
2022-03-21,41077.996094,4461.180176,342.226532,1928.599976,-0.017300,-0.000435,-0.002780,0.000207
2022-03-22,42358.808594,4511.609863,348.952209,1920.699951,0.031180,0.011304,0.019653,-0.004096
2022-03-23,42892.957031,4456.240234,343.937286,1936.599976,0.012610,-0.012273,-0.014371,0.008278
2022-03-24,43960.933594,4520.160156,351.581787,1961.599976,0.024899,0.014344,0.022226,0.012909
2022-03-25,44348.730469,4543.060059,351.288544,1953.800049,0.008821,0.005066,-0.000834,-0.003976
2022-03-28,47128.003906,4575.520020,356.723846,1939.599976,0.062669,0.007145,0.015472,-0.007268
2022-03-29,47465.730469,4631.600098,362.862946,1912.000000,0.007166,0.012257,0.017210,-0.014230
2022-03-30,47062.664062,4602.450195,358.854889,1933.500000,-0.008492,-0.006294,-0.011046,0.011245
2022-03-31,45538.675781,4530.410156,354.406982,1949.199951,-0.032382,-0.015653,-0.012395,0.008120
2022-04-01,46281.644531,4545.859863,353.732513,1919.099976,0.016315,0.003410,-0.001903,-0.015442
2022-04-04,46622.675781,4582.640137,361.015381,1929.199951,0.007369,0.008091,0.020589,0.005263
2022-04-05,45555.992188,4525.120117,352.999329,1922.900024,-0.022879,-0.012552,-0.022204,-0.003266
2022-04-06,43206.738281,4481.149902,345.335175,1918.400024,-0.051568,-0.009717,-0.021712,-0.002340
2022-04-07,43503.847656,4500.209961,346.156372,1933.800049,0.006876,0.004253,0.002378,0.008028
2022-04-08,42287.664062,4488.279785,341.317444,1941.599976,-0.027956,-0.002651,-0.013979,0.004033
2022-04-11,39521.902344,4412.529785,333.242676,1944.300049,-0.065404,-0.016877,-0.023658,0.001391
2022-04-12,40127.183594,4397.450195,331.835052,1972.099976,0.015315,-0.003417,-0.004224,0.014298
2022-04-13,41166.730469,4446.589844,338.580231,1981.000000,0.025906,0.011175,0.020327,0.004513
2022-04-14,39935.515625,4392.589844,330.837860,1970.900024,-0.029908,-0.012144,-0.022867,-0.005098
2022-04-18,40826.214844,4391.689941,331.092041,1982.900024,0.022303,-0.000205,0.000768,0.006089
2022-04-19,41502.750000,4462.209961,338.492279,1955.699951,0.016571,0.016058,0.022351,-0.013717
2022-04-20,41374.378906,4459.450195,333.555511,1952.300049,-0.003093,-0.000618,-0.014585,-0.001738
2022-04-21,40527.363281,4393.660156,326.653839,1944.900024,-0.020472,-0.014753,-0.020691,-0.003790
2022-04-22,39740.320312,4271.779785,318.100159,1931.000000,-0.019420,-0.027740,-0.026186,-0.007147
2022-04-25,40458.308594,4296.120117,322.186371,1893.199951,0.018067,0.005698,0.012846,-0.019575
2022-04-26,38117.460938,4175.200195,310.025452,1901.400024,-0.057858,-0.028146,-0.037745,0.004331
2022-04-27,39241.121094,4183.959961,309.654053,1885.900024,0.029479,0.002098,-0.001198,-0.008152
2022-04-28,39773.828125,4287.500000,320.651672,1888.699951,0.013575,0.024747,0.035516,0.001485
2022-04-29,38609.824219,4131.930176,306.222717,1909.300049,-0.029266,-0.036285,-0.044999,0.010907
2022-05-02,38529.328125,4155.379883,311.335449,1861.800049,-0.002085,0.005675,0.016696,-0.024878
2022-05-03,37750.453125,4175.479980,311.667816,1868.800049,-0.020215,0.004837,0.001068,0.003760
2022-05-04,39698.371094,4300.169922,322.205902,1867.000000,0.051600,0.029862,0.033812,-0.000963
2022-05-05,36575.140625,4146.870117,305.978302,1874.000000,-0.078674,-0.035650,-0.050364,0.003749
2022-05-06,36040.921875,4123.339844,302.312500,1881.199951,-0.014606,-0.005674,-0.011981,0.003842
2022-05-09,30296.953125,3991.239990,290.483917,1857.099976,-0.159374,-0.032037,-0.039127,-0.012811
2022-05-10,31022.906250,4001.050049,294.012939,1839.900024,0.023961,0.002458,0.012149,-0.009262
2022-05-11,28936.355469,3935.179932,285.293030,1852.599976,-0.067258,-0.016463,-0.029658,0.006903
2022-05-12,29047.751953,3930.080078,284.618561,1823.800049,0.003850,-0.001296,-0.002364,-0.015546
2022-05-13,29283.103516,4023.889893,295.166473,1807.400024,0.008102,0.023870,0.037060,-0.008992
2022-05-16,29862.917969,4008.010010,291.745026,1813.500000,0.019800,-0.003946,-0.011592,0.003375
2022-05-17,30425.857422,4088.850098,299.301605,1818.199951,0.018851,0.020170,0.025901,0.002592
2022-05-18,28720.271484,3923.679932,284.608765,1815.900024,-0.056057,-0.040395,-0.049090,-0.001265
2022-05-19,30314.333984,3900.790039,283.083710,1841.199951,0.055503,-0.005834,-0.005358,0.013932
2022-05-20,29200.740234,3901.360107,282.203979,1841.800049,-0.036735,0.000146,-0.003108,0.000326
2022-05-23,29098.910156,3973.750000,286.896271,1847.800049,-0.003487,0.018555,0.016627,0.003258
2022-05-24,29655.585938,3941.479980,280.796204,1865.099976,0.019130,-0.008121,-0.021262,0.009362
2022-05-25,29562.361328,3978.729980,284.726074,1846.199951,-0.003144,0.009451,0.013995,-0.010134
2022-05-26,29267.224609,4057.840088,292.614990,1847.400024,-0.009984,0.019883,0.027707,0.000650
2022-05-27,28627.574219,4158.240234,302.165863,1851.300049,-0.021856,0.024742,0.032640,0.002111
2022-05-31,31792.310547,4132.149902,301.364258,1842.699951,0.110549,-0.006274,-0.002653,-0.004645
2022-06-01,29799.080078,4101.229980,299.135376,1843.300049,-0.062695,-0.007483,-0.007396,0.000326
2022-06-02,30467.488281,4176.819824,307.327393,1866.500000,0.022430,0.018431,0.027386,0.012586
2022-06-03,29704.390625,4108.540039,299.330872,1845.400024,-0.025046,-0.016347,-0.026020,-0.011305
2022-06-06,31370.671875,4121.430176,300.328003,1839.199951,0.056095,0.003137,0.003331,-0.003360
2022-06-07,31155.478516,4160.680176,302.918518,1847.500000,-0.006860,0.009523,0.008626,0.004513
2022-06-08,30214.355469,4115.770020,300.738617,1851.900024,-0.030207,-0.010794,-0.007196,0.002382
2022-06-09,30111.998047,4017.820068,292.683472,1848.800049,-0.003388,-0.023799,-0.026785,-0.001674
2022-06-10,29083.804688,3900.860107,282.360352,1871.500000,-0.034146,-0.029110,-0.035271,0.012278
2022-06-13,22487.388672,3749.629883,269.231628,1828.000000,-0.226807,-0.038768,-0.046496,-0.023243
2022-06-14,22206.792969,3735.479980,269.720428,1809.500000,-0.012478,-0.003774,0.001816,-0.010120
2022-06-15,22572.839844,3789.989990,276.455780,1815.300049,0.016484,0.014593,0.024972,0.003205
2022-06-16,20381.650391,3666.770020,265.301758,1845.699951,-0.097072,-0.032512,-0.040346,0.016746
2022-06-17,20471.482422,3674.840088,268.527771,1835.599976,0.004407,0.002201,0.012160,-0.005472
2022-06-21,20710.597656,3764.790039,275.302582,1834.599976,0.011680,0.024477,0.025229,-0.000545
2022-06-22,19987.029297,3759.889893,274.901062,1834.300049,-0.034937,-0.001302,-0.001458,-0.000163
2022-06-23,21085.876953,3795.729980,278.995087,1825.699951,0.054978,0.009532,0.014893,-0.004688
2022-06-24,21231.656250,3911.739990,288.554504,1826.500000,0.006914,0.030563,0.034264,0.000438
2022-06-27,20735.478516,3900.110107,286.438873,1820.900024,-0.023370,-0.002973,-0.007332,-0.003066
2022-06-28,20280.634766,3821.550049,277.712006,1817.500000,-0.021936,-0.020143,-0.030467,-0.001867
2022-06-29,20104.023438,3818.830078,277.966675,1813.699951,-0.008708,-0.000712,0.000917,-0.002091
2022-06-30,19784.726562,3785.379883,274.519104,1804.099976,-0.015882,-0.008759,-0.012403,-0.005293
2022-07-01,19269.367188,3825.330078,276.331024,1798.900024,-0.026048,0.010554,0.006600,-0.002882
2022-07-05,20190.115234,3831.389893,281.061768,1761.800049,0.047783,0.001584,0.017120,-0.020624
2022-07-06,20548.246094,3845.080078,282.863953,1734.900024,0.017738,0.003573,0.006412,-0.015268
2022-07-07,21637.587891,3902.620117,288.916931,1737.900024,0.053014,0.014965,0.021399,0.001729
2022-07-08,21731.117188,3899.379883,289.279327,1740.599976,0.004323,-0.000830,0.001254,0.001554
2022-07-11,19970.556641,3854.429932,283.098969,1730.000000,-0.081016,-0.011527,-0.021365,-0.006090
2022-07-12,19323.914062,3818.800049,280.356537,1723.300049,-0.032380,-0.009244,-0.009687,-0.003873
2022-07-13,20212.074219,3801.780029,279.778656,1734.199951,0.045962,-0.004457,-0.002061,0.006325
2022-07-14,20569.919922,3790.379883,280.777710,1704.500000,0.017705,-0.002999,0.003571,-0.017126
2022-07-15,20836.328125,3863.159912,285.870819,1702.400024,0.012951,0.019201,0.018139,-0.001232
2022-07-18,22485.689453,3830.850098,283.451599,1709.199951,0.079158,-0.008364,-0.008463,0.003994
2022-07-19,23389.433594,3936.689941,292.168610,1710.000000,0.040192,0.027628,0.030753,0.000468
2022-07-20,23231.732422,3959.899902,296.801392,1699.500000,-0.006742,0.005896,0.015857,-0.006140
2022-07-21,23164.628906,3998.949951,301.062012,1712.699951,-0.002888,0.009861,0.014355,0.007767
2022-07-22,22714.978516,3961.629883,295.782745,1727.099976,-0.019411,-0.009332,-0.017535,0.008408
2022-07-25,21361.701172,3966.840088,294.098206,1719.000000,-0.059576,0.001315,-0.005695,-0.004690
2022-07-26,21239.753906,3921.050049,288.319427,1717.699951,-0.005709,-0.011543,-0.019649,-0.000756
2022-07-27,22930.548828,4023.610107,300.503784,1719.099976,0.079605,0.026156,0.042260,0.000815
2022-07-28,23843.886719,4072.429932,303.442078,1750.300049,0.039831,0.012133,0.009778,0.018149
2022-07-29,23804.632812,4130.290039,308.975952,1762.900024,-0.001646,0.014208,0.018237,0.007199
2022-08-01,23314.199219,4118.629883,308.789856,1769.000000,-0.020602,-0.002823,-0.000602,0.003460
2022-08-02,22978.117188,4091.189941,307.869141,1771.099976,-0.014415,-0.006662,-0.002982,0.001187
2022-08-03,22846.507812,4155.169922,316.253296,1758.000000,-0.005728,0.015638,0.027233,-0.007397
2022-08-04,22630.957031,4151.939941,317.732208,1788.500000,-0.009435,-0.000777,0.004676,0.017349
2022-08-05,23289.314453,4145.189941,315.136719,1772.900024,0.029091,-0.001626,-0.008169,-0.008722
2022-08-08,23809.486328,4140.060059,314.118073,1786.800049,0.022335,-0.001238,-0.003232,0.007840
2022-08-09,23164.318359,4122.470215,310.562622,1794.000000,-0.027097,-0.004249,-0.011319,0.004030
2022-08-10,23947.642578,4210.240234,319.230774,1795.599976,0.033816,0.021291,0.027911,0.000892
2022-08-11,23957.529297,4207.270020,317.418793,1789.699951,0.000413,-0.000705,-0.005676,-0.003286
2022-08-12,24402.818359,4280.149902,323.599121,1798.599976,0.018587,0.017322,0.019471,0.004973
2022-08-15,24136.972656,4297.140137,326.214233,1781.400024,-0.010894,0.003970,0.008081,-0.009563
2022-08-16,23883.291016,4305.200195,325.450256,1773.199951,-0.010510,0.001876,-0.002342,-0.004603
2022-08-17,23335.998047,4274.040039,321.738129,1760.300049,-0.022915,-0.007238,-0.011406,-0.007275
2022-08-18,23212.738281,4283.740234,322.511871,1755.300049,-0.005282,0.002270,0.002405,-0.002840
2022-08-19,20877.552734,4228.479980,316.223785,1747.599976,-0.100599,-0.012900,-0.019497,-0.004387
2022-08-22,21398.908203,4137.990234,307.898590,1734.000000,0.024972,-0.021400,-0.026327,-0.007782
2022-08-23,21528.087891,4128.729980,307.643860,1746.800049,0.006037,-0.002238,-0.000827,0.007382
2022-08-24,21395.019531,4140.770020,308.535248,1747.800049,-0.006181,0.002916,0.002897,0.000572
2022-08-25,21600.904297,4199.120117,313.990662,1757.699951,0.009623,0.014092,0.017682,0.005664
2022-08-26,20260.019531,4057.659912,301.120789,1736.099976,-0.062075,-0.033688,-0.040988,-0.012289
2022-08-29,20297.994141,4030.610107,298.153076,1736.599976,0.001874,-0.006666,-0.009856,0.000288
2022-08-30,19796.808594,3986.159912,294.832733,1723.199951,-0.024691,-0.011028,-0.011136,-0.007716
2022-08-31,20049.763672,3955.000000,293.118713,1712.800049,0.012778,-0.007817,-0.005814,-0.006035
2022-09-01,20127.140625,3966.850098,293.246002,1696.599976,0.003859,0.002996,0.000434,-0.009458
2022-09-02,19969.771484,3924.260010,289.103058,1709.800049,-0.007819,-0.010737,-0.014128,0.007780
2022-09-06,18837.667969,3908.189941,287.026520,1700.400024,-0.056691,-0.004095,-0.007183,-0.005498
2022-09-07,19290.324219,3979.870117,292.824921,1715.300049,0.024029,0.018341,0.020202,0.008763
2022-09-08,19329.833984,4006.179932,294.342957,1708.000000,0.002048,0.006611,0.005184,-0.004256
2022-09-09,21381.152344,4067.360107,300.777985,1716.199951,0.106122,0.015271,0.021862,0.004801
2022-09-12,22370.449219,4110.410156,304.352936,1728.099976,0.046270,0.010584,0.011886,0.006934
2022-09-13,20296.707031,3932.689941,287.663208,1705.000000,-0.092700,-0.043237,-0.054837,-0.013367
2022-09-14,20241.089844,3946.010010,289.945312,1696.500000,-0.002740,0.003387,0.007933,-0.004985
2022-09-15,19701.210938,3901.350098,285.116669,1665.400024,-0.026672,-0.011318,-0.016654,-0.018332
2022-09-16,19772.583984,3873.330078,283.373230,1671.699951,0.003623,-0.007182,-0.006115,0.003783
2022-09-19,19544.128906,3899.889893,285.580017,1666.199951,-0.011554,0.006857,0.007788,-0.003290
2022-09-20,18890.789062,3855.929932,283.303589,1659.699951,-0.033429,-0.011272,-0.007971,-0.003901
2022-09-21,18547.400391,3789.929932,278.230774,1664.599976,-0.018178,-0.017116,-0.017906,0.002952
2022-09-22,19413.550781,3757.989990,274.806305,1670.800049,0.046699,-0.008428,-0.012308,0.003725
2022-09-23,19297.638672,3693.229980,270.332031,1645.300049,-0.005971,-0.017233,-0.016282,-0.015262
2022-09-26,19222.671875,3655.040039,269.213470,1623.300049,-0.003885,-0.010341,-0.004138,-0.013371
2022-09-27,19110.546875,3647.290039,269.321411,1626.699951,-0.005833,-0.002120,0.000401,0.002094
2022-09-28,19426.720703,3719.040039,274.678802,1660.400024,0.016544,0.019672,0.019892,0.020717
2022-09-29,19573.050781,3640.469971,266.760437,1658.500000,0.007532,-0.021126,-0.028828,-0.001144
2022-09-30,19431.789062,3585.620117,262.237122,1662.400024,-0.007217,-0.015067,-0.016956,0.002352
2022-10-03,19623.580078,3678.429932,268.389252,1692.900024,0.009870,0.025884,0.023460,0.018347
2022-10-04,20336.843750,3790.929932,276.827606,1721.099976,0.036347,0.030584,0.031441,0.016658
2022-10-05,20160.716797,3783.280029,276.680420,1711.400024,-0.008660,-0.002018,-0.000532,-0.005636
2022-10-06,19955.443359,3744.520020,274.502136,1711.699951,-0.010182,-0.010245,-0.007873,0.000175
2022-10-07,19546.849609,3639.659912,264.042542,1700.500000,-0.020475,-0.028004,-0.038104,-0.006543
2022-10-10,19141.484375,3612.389893,261.403015,1667.300049,-0.020738,-0.007492,-0.009997,-0.019524
2022-10-11,19051.417969,3588.840088,257.811829,1678.699951,-0.004705,-0.006519,-0.013738,0.006837
2022-10-12,19157.445312,3577.030029,257.723602,1670.300049,0.005565,-0.003291,-0.000342,-0.005004
2022-10-13,19382.904297,3669.909912,263.767761,1670.000000,0.011769,0.025966,0.023452,-0.000180
2022-10-14,19185.656250,3583.070068,255.839645,1641.699951,-0.010176,-0.023663,-0.030057,-0.016946
2022-10-17,19550.757812,3677.949951,264.287811,1657.000000,0.019030,0.026480,0.033021,0.009320
2022-10-18,19334.416016,3719.979980,266.377808,1649.000000,-0.011066,0.011428,0.007908,-0.004828
2022-10-19,19139.535156,3695.159912,265.406342,1627.500000,-0.010079,-0.006672,-0.003647,-0.013038
2022-10-20,19053.740234,3665.780029,264.052277,1630.800049,-0.004483,-0.007951,-0.005102,0.002028
2022-10-21,19172.468750,3752.750000,270.243774,1651.000000,0.006231,0.023725,0.023448,0.012387
2022-10-24,19345.572266,3797.340088,273.216797,1648.699951,0.009029,0.011882,0.011001,-0.001393
2022-10-25,20095.857422,3859.110107,278.868530,1652.800049,0.038783,0.016267,0.020686,0.002487
2022-10-26,20770.441406,3830.600098,272.706573,1664.000000,0.033568,-0.007388,-0.022096,0.006776
2022-10-27,20285.835938,3807.300049,267.741669,1660.699951,-0.023331,-0.006083,-0.018206,-0.001983
2022-10-28,20595.351562,3901.060059,275.934692,1639.599976,0.015258,0.024626,0.030600,-0.012705
2022-10-31,20495.773438,3871.979980,272.726166,1635.900024,-0.004835,-0.007454,-0.011628,-0.002257
2022-11-01,20485.273438,3856.100098,269.939545,1645.000000,-0.000512,-0.004101,-0.010218,0.005563
2022-11-02,20159.503906,3759.689941,260.686798,1645.699951,-0.015903,-0.025002,-0.034277,0.000426
2022-11-03,20209.988281,3719.889893,255.594360,1627.300049,0.002504,-0.010586,-0.019535,-0.011181
2022-11-04,21147.230469,3770.550049,259.705536,1672.500000,0.046375,0.013619,0.016085,0.027776
2022-11-07,20602.816406,3806.800049,262.560852,1676.500000,-0.025744,0.009614,0.010994,0.002392
2022-11-08,18541.271484,3828.110107,264.474304,1712.099976,-0.100061,0.005598,0.007288,0.021235
2022-11-09,15880.780273,3748.570068,258.371124,1710.099976,-0.143490,-0.020778,-0.023077,-0.001168
2022-11-10,17586.771484,3956.370117,277.435974,1750.300049,0.107425,0.055434,0.073789,0.023507
2022-11-11,17034.292969,3992.929932,282.548065,1766.000000,-0.031414,0.009241,0.018426,0.008970
2022-11-14,16618.199219,3957.250000,280.075439,1773.599976,-0.024427,-0.008936,-0.008751,0.004303
2022-11-15,16884.613281,3991.729980,283.951141,1773.800049,0.016031,0.008713,0.013838,0.000113
2022-11-16,16669.439453,3958.790039,280.075439,1773.000000,-0.012744,-0.008252,-0.013649,-0.000451
2022-11-17,16687.517578,3946.560059,279.457275,1760.800049,0.001085,-0.003089,-0.002207,-0.006881
2022-11-18,16697.777344,3965.340088,279.467102,1751.900024,0.000615,0.004759,0.000035,-0.005055
2022-11-21,15787.284180,3949.939941,276.592194,1737.400024,-0.054528,-0.003884,-0.010287,-0.008277
2022-11-22,16189.769531,4003.580078,280.575867,1738.300049,0.025494,0.013580,0.014403,0.000518
2022-11-23,16610.707031,4027.260010,283.391937,1744.900024,0.026000,0.005915,0.010037,0.003797
2022-11-25,16521.841797,4026.120117,281.527649,1753.300049,-0.005350,-0.000283,-0.006578,0.004814
2022-11-28,16217.322266,3963.939941,277.396759,1740.099976,-0.018431,-0.015444,-0.014673,-0.007529
2022-11-29,16444.982422,3957.629883,275.296875,1748.400024,0.014038,-0.001592,-0.007570,0.004770
2022-11-30,17168.566406,4080.110107,287.846527,1746.000000,0.044000,0.030948,0.045586,-0.001373
2022-12-01,16967.132812,4076.570068,288.199799,1801.099976,-0.011733,-0.000868,0.001227,0.031558
2022-12-02,17088.660156,4071.699951,287.051727,1795.900024,0.007163,-0.001195,-0.003984,-0.002887
2022-12-05,16974.826172,3998.840088,282.234039,1767.400024,-0.006661,-0.017894,-0.016783,-0.015869
2022-12-06,17089.503906,3941.260010,276.385986,1769.300049,0.006756,-0.014399,-0.020721,0.001075
2022-12-07,16848.126953,3933.919922,275.257629,1785.500000,-0.014124,-0.001862,-0.004083,0.009156
2022-12-08,17233.474609,3963.510010,278.515259,1788.699951,0.022872,0.007522,0.011835,0.001792
2022-12-09,17133.152344,3934.379883,276.739288,1798.099976,-0.005821,-0.007350,-0.006377,0.005255
2022-12-12,17206.437500,3990.560059,280.212799,1780.500000,0.004277,0.014279,0.012552,-0.009788
2022-12-13,17781.318359,4019.649902,283.225098,1813.900024,0.033411,0.007290,0.010750,0.018759
2022-12-14,17815.650391,3995.320068,281.125305,1807.500000,0.001931,-0.006053,-0.007414,-0.003528
2022-12-15,17364.865234,3895.750000,271.686127,1777.199951,-0.025303,-0.024922,-0.033576,-0.016764
2022-12-16,16647.484375,3852.360107,269.095734,1790.000000,-0.041312,-0.011138,-0.009535,0.007202
2022-12-19,16439.679688,3817.659912,265.313965,1787.699951,-0.012483,-0.009008,-0.014054,-0.001285
2022-12-20,16906.304688,3821.620117,265.107452,1815.900024,0.028384,0.001037,-0.000778,0.015775
2022-12-21,16817.535156,3878.439941,268.953064,1815.900024,-0.005251,0.014868,0.014506,0.000000
2022-12-22,16830.341797,3822.389893,262.373138,1787.000000,0.000762,-0.014452,-0.024465,-0.015915
2022-12-23,16796.953125,3844.820068,262.963226,1795.900024,-0.001984,0.005868,0.002249,0.004980
2022-12-27,16717.173828,3829.250000,259.245392,1814.800049,-0.004750,-0.004050,-0.014138,0.010524
2022-12-28,16552.572266,3783.219971,255.822693,1807.900024,-0.009846,-0.012021,-0.013203,-0.003802
2022-12-29,16642.341797,3849.280029,262.058380,1819.500000,0.005423,0.017461,0.024375,0.006416
2022-12-30,16602.585938,3839.500000,261.901062,1819.699951,-0.002389,-0.002541,-0.000600,0.000110
2023-01-03,16679.857422,3824.139893,260.130615,1839.699951,0.004654,-0.004001,-0.006760,0.010991
2023-01-04,16863.238281,3852.969971,261.369934,1852.800049,0.010994,0.007539,0.004764,0.007121
2023-01-05,16836.736328,3808.100098,257.278290,1834.800049,-0.001572,-0.011646,-0.015655,-0.009715
2023-01-06,16951.968750,3895.080078,264.379547,1864.199951,0.006844,0.022841,0.027601,0.016023
2023-01-09,17196.554688,3892.090088,266.091003,1872.699951,0.014428,-0.000768,0.006473,0.004560
2023-01-10,17446.292969,3919.250000,268.343231,1871.599976,0.014523,0.006978,0.008464,-0.000587
2023-01-11,17934.896484,3969.610107,272.985626,1874.599976,0.028006,0.012849,0.017300,0.001603
2023-01-12,18869.587891,3983.169922,274.460999,1895.500000,0.052116,0.003416,0.005405,0.011149
2023-01-13,19909.574219,3999.090088,276.349426,1918.400024,0.055114,0.003997,0.006880,0.012081
2023-01-17,21161.519531,3990.969971,276.910095,1907.199951,0.062882,-0.002030,0.002029,-0.005838
2023-01-18,20688.781250,3928.860107,273.310303,1904.400024,-0.022340,-0.015563,-0.013000,-0.001468
2023-01-19,21086.792969,3898.850098,270.625122,1922.099976,0.019238,-0.007638,-0.009825,0.009294
2023-01-20,22676.552734,3972.610107,278.031311,1926.400024,0.075391,0.018918,0.027367,0.002237
2023-01-23,22934.431641,4019.810059,284.208069,1927.099976,0.011372,0.011881,0.022216,0.000363
2023-01-24,22636.468750,4016.949951,283.627777,1933.900024,-0.012992,-0.000712,-0.002042,0.003529
2023-01-25,23117.859375,4016.219971,282.998291,1941.199951,0.021266,-0.000182,-0.002219,0.003775
2023-01-26,23032.777344,4060.429932,288.515991,1929.099976,-0.003680,0.011008,0.019497,-0.006233
2023-01-27,23078.728516,4070.560059,291.388000,1928.599976,0.001995,0.002495,0.009954,-0.000259
2023-01-30,22840.138672,4017.770020,285.496490,1922.900024,-0.010338,-0.012969,-0.020219,-0.002955
2023-01-31,23139.283203,4076.600098,289.774963,1929.500000,0.013097,0.014642,0.014986,0.003432
2023-02-01,23723.769531,4119.209961,295.971344,1927.800049,0.025259,0.010452,0.021383,-0.000881
2023-02-02,23471.871094,4179.759766,306.593689,1916.300049,-0.010618,0.014699,0.035890,-0.005965
2023-02-03,23449.322266,4136.479980,301.144806,1862.900024,-0.000961,-0.010355,-0.017772,-0.027866
2023-02-06,22760.109375,4111.080078,298.597443,1866.199951,-0.029392,-0.006140,-0.008459,0.001771
2023-02-07,23264.291016,4164.000000,304.784058,1871.699951,0.022152,0.012873,0.020719,0.002947
2023-02-08,22939.398438,4117.859863,299.364594,1877.400024,-0.013965,-0.011081,-0.017781,0.003045
2023-02-09,21819.039062,4081.500000,296.718842,1866.199951,-0.048840,-0.008830,-0.008838,-0.005966
2023-02-10,21651.183594,4090.459961,294.771454,1862.800049,-0.007693,0.002195,-0.006563,-0.001822
2023-02-13,21808.101562,4137.290039,299.492523,1851.900024,0.007248,0.011449,0.016016,-0.005851
2023-02-14,22220.804688,4136.129883,301.705414,1854.000000,0.018924,-0.000280,0.007389,0.001134
2023-02-15,24307.841797,4147.600098,304.016815,1834.199951,0.093923,0.002773,0.007661,-0.010680
2023-02-16,23623.474609,4090.409912,298.312256,1842.000000,-0.028154,-0.013789,-0.018764,0.004253
2023-02-17,24565.601562,4079.090088,296.207428,1840.400024,0.039881,-0.002767,-0.007056,-0.000869
2023-02-21,24436.353516,3997.340088,289.194702,1833.000000,-0.005261,-0.020041,-0.023675,-0.004021
2023-02-22,24188.843750,3991.050049,289.411102,1832.000000,-0.010129,-0.001574,0.000748,-0.000546
2023-02-23,23947.492188,4012.320068,291.938751,1818.000000,-0.009978,0.005329,0.008734,-0.007642
2023-02-24,23198.126953,3970.040039,287.050446,1808.800049,-0.031292,-0.010538,-0.016744,-0.005060
2023-02-27,23522.871094,3982.239990,289.106171,1817.000000,0.013999,0.003073,0.007162,0.004533
2023-02-28,23147.353516,3970.149902,288.732422,1828.900024,-0.015964,-0.003036,-0.001293,0.006549
2023-03-01,23646.550781,3951.389893,286.411194,1837.699951,0.021566,-0.004725,-0.008039,0.004812
2023-03-02,23475.466797,3981.350098,288.781555,1833.500000,-0.007235,0.007582,0.008276,-0.002285
2023-03-03,22362.679688,4045.639893,294.751740,1847.699951,-0.047402,0.016148,0.020674,0.007745
2023-03-06,22429.757812,4048.419922,295.086151,1847.900024,0.003000,0.000687,0.001135,0.000108
2023-03-07,22219.769531,3986.370117,291.466675,1813.900024,-0.009362,-0.015327,-0.012266,-0.018399
2023-03-08,21718.080078,3992.010010,292.922424,1812.699951,-0.022579,0.001415,0.004995,-0.000662
2023-03-09,20363.021484,3918.320068,287.847168,1829.300049,-0.062393,-0.018459,-0.017326,0.009158
2023-03-10,20187.244141,3861.590088,283.804840,1862.000000,-0.008632,-0.014478,-0.014043,0.017876
2023-03-13,24197.533203,3855.760010,285.909576,1911.699951,0.198655,-0.001510,0.007416,0.026692
2023-03-14,24746.074219,3919.290039,292.479645,1906.199951,0.022669,0.016477,0.022980,-0.002877
2023-03-15,24375.960938,3891.929932,294.014069,1926.599976,-0.014956,-0.006981,0.005246,0.010702
2023-03-16,25052.789062,3960.280029,301.764496,1919.000000,0.027766,0.017562,0.026361,-0.003945
2023-03-17,27423.929688,3916.639893,300.338318,1969.800049,0.094646,-0.011019,-0.004726,0.026472
2023-03-20,27767.236328,3951.570068,301.404175,1979.199951,0.012519,0.008918,0.003549,0.004772
2023-03-21,28175.816406,4002.870117,305.708954,1938.000000,0.014714,0.012982,0.014282,-0.020816
2023-03-22,27307.437500,3936.969971,301.551971,1946.800049,-0.030820,-0.016463,-0.013598,0.004541
2023-03-23,28333.972656,3948.719971,305.127808,1993.800049,0.037592,0.002985,0.011858,0.024142
2023-03-24,27493.285156,3970.989990,306.250763,1982.099976,-0.029671,0.005640,0.003680,-0.005868
2023-03-27,27139.888672,3977.530029,304.152588,1952.400024,-0.012854,0.001647,-0.006851,-0.014984
2023-03-28,27268.130859,3971.270020,302.537079,1972.400024,0.004725,-0.001574,-0.005312,0.010244
2023-03-29,28348.441406,4027.810059,308.053497,1966.099976,0.039618,0.014237,0.018234,-0.003194
2023-03-30,28033.562500,4050.830078,310.969299,1980.300049,-0.011107,0.005715,0.009465,0.007222
2023-03-31,28478.484375,4109.310059,316.140961,1969.000000,0.015871,0.014437,0.016631,-0.005706
2023-04-03,27790.220703,4124.509766,315.372650,1983.900024,-0.024168,0.003699,-0.002430,0.007567
2023-04-04,28168.089844,4100.600098,314.308716,2022.199951,0.013597,-0.005797,-0.003374,0.019305
2023-04-05,28177.984375,4090.379883,311.205750,2020.900024,0.000351,-0.002492,-0.009872,-0.000643
2023-04-06,28044.140625,4105.020020,313.303955,2011.900024,-0.004750,0.003579,0.006742,-0.004453
2023-04-10,29652.980469,4109.109863,313.126617,1989.099976,0.057368,0.000996,-0.000566,-0.011333
2023-04-11,30235.058594,4108.939941,311.117065,2004.800049,0.019630,-0.000041,-0.006418,0.007893
2023-04-12,30139.052734,4091.949951,308.368744,2010.900024,-0.003175,-0.004135,-0.008834,0.003043
2023-04-13,30399.066406,4146.220215,314.407257,2041.300049,0.008627,0.013263,0.019582,0.015118
2023-04-14,30485.699219,4137.640137,313.816162,2002.199951,0.002850,-0.002069,-0.001880,-0.019155
2023-04-17,29445.044922,4151.319824,314.082153,1994.199951,-0.034136,0.003306,0.000848,-0.003996
2023-04-18,30397.552734,4154.870117,314.101837,2007.400024,0.032349,0.000855,0.000063,0.006619
2023-04-19,28822.679688,4154.520020,313.954071,1995.199951,-0.051809,-0.000084,-0.000470,-0.006078
2023-04-20,28245.988281,4129.790039,311.560364,2007.599976,-0.020008,-0.005953,-0.007624,0.006215
2023-04-21,27276.910156,4133.520020,311.885437,1979.500000,-0.034309,0.000903,0.001043,-0.013997
2023-04-24,27525.339844,4137.040039,311.235260,1989.099976,0.009108,0.000852,-0.002085,0.004850
2023-04-25,28307.597656,4071.629883,305.364166,1994.000000,0.028420,-0.015811,-0.018864,0.002463
2023-04-26,28422.701172,4055.989990,307.216187,1985.699951,0.004066,-0.003841,0.006065,-0.004163
2023-04-27,29473.787109,4135.350098,315.569641,1989.900024,0.036981,0.019566,0.027191,0.002115
2023-04-28,29340.261719,4169.479980,317.746643,1990.099976,-0.004530,0.008253,0.006899,0.000100
2023-05-01,28091.568359,4167.870117,317.382141,1983.400024,-0.042559,-0.000386,-0.001147,-0.003367
2023-05-02,28680.537109,4119.580078,314.614105,2014.300049,0.020966,-0.011586,-0.008721,0.015579
2023-05-03,29006.308594,4090.750000,312.555298,2028.599976,0.011359,-0.006998,-0.006544,0.007099
2023-05-04,28847.710938,4061.219971,311.452057,2048.000000,-0.005468,-0.007219,-0.003530,0.009563
2023-05-05,29534.384766,4136.250000,318.071747,2017.400024,0.023803,0.018475,0.021254,-0.014941
2023-05-08,27694.273438,4138.120117,318.859772,2026.300049,-0.062304,0.000452,0.002478,0.004412
2023-05-09,27658.775391,4119.169922,316.840393,2036.199951,-0.001282,-0.004579,-0.006333,0.004886
2023-05-10,27621.755859,4137.640137,320.288147,2030.500000,-0.001338,0.004484,0.010882,-0.002799
2023-05-11,27000.789062,4130.620117,321.332367,2014.699951,-0.022481,-0.001697,0.003260,-0.007781
2023-05-12,26804.990234,4124.080078,320.179779,2014.500000,-0.007252,-0.001583,-0.003587,-0.000099
2023-05-15,27192.693359,4136.279785,321.913483,2018.000000,0.014464,0.002958,0.005415,0.001737
2023-05-16,27036.650391,4109.899902,322.277985,1988.400024,-0.005738,-0.006378,0.001132,-0.014668
2023-05-17,27398.802734,4158.770020,326.178894,1980.699951,0.013395,0.011891,0.012104,-0.003872
2023-05-18,26832.208984,4198.049805,332.237122,1956.500000,-0.020680,0.009445,0.018573,-0.012218
2023-05-19,26890.128906,4191.979980,331.488464,1978.699951,0.002159,-0.001446,-0.002253,0.011347
2023-05-22,26851.277344,4192.629883,332.601624,1974.800049,-0.001445,0.000155,0.003358,-0.001971
2023-05-23,27225.726562,4145.580078,328.385437,1972.400024,0.013945,-0.011222,-0.012676,-0.001215
2023-05-24,26334.818359,4115.240234,326.700958,1962.800049,-0.032723,-0.007319,-0.005130,-0.004867
2023-05-25,26476.207031,4151.279785,334.650604,1943.099976,0.005369,0.008758,0.024333,-0.010037
2023-05-26,26719.291016,4205.450195,343.201050,1944.099976,0.009181,0.013049,0.025550,0.000515
2023-05-30,27702.349609,4205.520020,344.757538,1958.000000,0.036792,0.000017,0.004535,0.007150
2023-05-31,27219.658203,4179.830078,342.797211,1963.900024,-0.017424,-0.006109,-0.005686,0.003013
2023-06-01,26819.972656,4221.020020,346.757233,1978.000000,-0.014684,0.009854,0.011552,0.007180
2023-06-02,27249.589844,4282.370117,349.357788,1952.400024,0.016019,0.014534,0.007500,-0.012942
2023-06-05,25760.097656,4273.790039,349.604065,1958.000000,-0.054661,-0.002004,0.000705,0.002868
2023-06-06,27238.783203,4283.850098,349.544983,1965.500000,0.057402,0.002354,-0.000169,0.003830
2023-06-07,26345.998047,4267.520020,343.614807,1942.699951,-0.032776,-0.003812,-0.016965,-0.011600
2023-06-08,26508.216797,4293.930176,347.880219,1963.599976,0.006157,0.006189,0.012413,0.010758
2023-06-09,26480.375000,4298.859863,349.209961,1962.199951,-0.001050,0.001148,0.003822,-0.000713
2023-06-12,25902.500000,4338.930176,355.110596,1955.300049,-0.021823,0.009321,0.016897,-0.003516
2023-06-13,25918.728516,4369.009766,357.839325,1944.599976,0.000627,0.006932,0.007684,-0.005472
2023-06-14,25124.675781,4372.589844,360.439880,1955.300049,-0.030636,0.000819,0.007267,0.005502
2023-06-15,25576.394531,4425.839844,364.734894,1957.800049,0.017979,0.012178,0.011916,0.001279
2023-06-16,26327.462891,4409.589844,362.439575,1958.400024,0.029366,-0.003672,-0.006293,0.000306
2023-06-20,28327.488281,4388.709961,361.920746,1935.500000,0.075967,-0.004735,-0.001431,-0.011693
2023-06-21,30027.296875,4365.689941,356.988678,1933.300049,0.060006,-0.005245,-0.013627,-0.001137
2023-06-22,29912.281250,4381.890137,361.200684,1912.699951,-0.003830,0.003711,0.011799,-0.010655
2023-06-23,30695.468750,4348.330078,357.619965,1919.099976,0.026183,-0.007659,-0.009913,0.003346
2023-06-26,30271.130859,4328.819824,352.825867,1923.699951,-0.013824,-0.004487,-0.013406,0.002397
2023-06-27,30688.164062,4378.410156,358.892426,1914.000000,0.013777,0.011456,0.017194,-0.005042
2023-06-28,30086.246094,4376.859863,359.592804,1912.300049,-0.019614,-0.000354,0.001951,-0.000888
2023-06-29,30445.351562,4396.439941,358.872681,1909.199951,0.011936,0.004474,-0.002003,-0.001621
2023-06-30,30477.251953,4450.379883,364.406555,1921.099976,0.001048,0.012269,0.015420,0.006233
2023-07-03,31156.439453,4455.589844,365.264801,1921.699951,0.022285,0.001171,0.002355,0.000312
2023-07-05,30514.166016,4446.819824,365.254883,1919.599976,-0.020614,-0.001968,-0.000027,-0.001093
2023-07-06,29909.337891,4411.589844,362.473206,1908.699951,-0.019821,-0.007923,-0.007616,-0.005678
2023-07-07,30342.265625,4398.950195,361.269684,1926.199951,0.014475,-0.002865,-0.003320,0.009169
2023-07-10,30414.470703,4409.529785,361.388062,1925.000000,0.002380,0.002405,0.000328,-0.000623
2023-07-11,30620.951172,4439.259766,363.173523,1931.300049,0.006789,0.006742,0.004941,0.003273
2023-07-12,30391.646484,4472.160156,367.760468,1956.199951,-0.007488,0.007411,0.012630,0.012893
2023-07-13,31476.048828,4510.040039,374.004547,1959.199951,0.035681,0.008470,0.016979,0.001534
2023-07-14,30334.068359,4505.419922,373.925629,1960.099976,-0.036281,-0.001024,-0.000211,0.000459
2023-07-17,30145.888672,4522.790039,377.417511,1952.400024,-0.006204,0.003855,0.009338,-0.003928
2023-07-18,29856.562500,4554.979980,380.505066,1977.199951,-0.009598,0.007117,0.008181,0.012702
2023-07-19,29913.923828,4565.720215,380.416321,1977.500000,0.001921,0.002358,-0.000233,0.000152
2023-07-20,29792.015625,4534.870117,371.646973,1968.300049,-0.004075,-0.006757,-0.023052,-0.004652
2023-07-21,29908.744141,4536.339844,370.532288,1964.300049,0.003918,0.000324,-0.002999,-0.002032
2023-07-24,29176.916016,4554.640137,371.124146,1960.300049,-0.024469,0.004034,0.001597,-0.002036
2023-07-25,29227.390625,4567.459961,373.639526,1962.099976,0.001730,0.002815,0.006778,0.000918
2023-07-26,29354.972656,4566.750000,372.396637,1968.900024,0.004365,-0.000155,-0.003326,0.003466
2023-07-27,29210.689453,4537.410156,371.508789,1945.400024,-0.004915,-0.006425,-0.002384,-0.011936
2023-07-28,29319.246094,4582.229980,378.275726,1960.400024,0.003716,0.009878,0.018215,0.007710
2023-07-31,29230.111328,4588.959961,378.473022,1970.500000,-0.003040,0.001469,0.000522,0.005152
2023-08-01,29675.732422,4576.729980,377.595093,1940.699951,0.015245,-0.002665,-0.002320,-0.015123
2023-08-02,29151.958984,4513.390137,369.309143,1937.400024,-0.017650,-0.013840,-0.021944,-0.001700
2023-08-03,29178.679688,4501.890137,368.717285,1932.000000,0.000917,-0.002548,-0.001603,-0.002787
2023-08-04,29074.091797,4478.029785,366.990967,1939.599976,-0.003584,-0.005300,-0.004682,0.003934
2023-08-07,29180.578125,4518.439941,370.098267,1933.500000,0.003663,0.009024,0.008467,-0.003145
2023-08-08,29765.492188,4499.379883,366.951508,1924.099976,0.020045,-0.004218,-0.008502,-0.004862
2023-08-09,29561.494141,4467.709961,362.917023,1915.400024,-0.006854,-0.007039,-0.010995,-0.004522
2023-08-10,29429.591797,4468.830078,363.587769,1914.400024,-0.004462,0.000251,0.001848,-0.000522
2023-08-11,29397.714844,4464.049805,361.269684,1912.900024,-0.001083,-0.001070,-0.006376,-0.000784
2023-08-14,29408.443359,4489.720215,365.323914,1910.599976,0.000365,0.005750,0.011222,-0.001202
2023-08-15,29170.347656,4437.859863,361.447235,1902.500000,-0.008096,-0.011551,-0.010612,-0.004239
2023-08-16,28701.779297,4404.330078,357.619965,1896.099976,-0.016063,-0.007555,-0.010589,-0.003364
2023-08-17,26664.550781,4370.359863,353.713623,1884.099976,-0.070979,-0.007713,-0.010923,-0.006329
2023-08-18,26049.556641,4369.709961,353.269775,1886.099976,-0.023064,-0.000149,-0.001255,0.001062
2023-08-21,26124.140625,4399.770020,358.961487,1893.300049,0.002863,0.006879,0.016112,0.003817
2023-08-22,26031.656250,4387.549805,358.448517,1896.400024,-0.003540,-0.002777,-0.001429,0.001637
2023-08-23,26431.640625,4436.009766,364.100739,1918.500000,0.015365,0.011045,0.015769,0.011654
2023-08-24,26162.373047,4376.310059,356.317810,1918.199951,-0.010187,-0.013458,-0.021376,-0.000156
2023-08-25,26047.667969,4405.709961,359.079834,1911.099976,-0.004384,0.006718,0.007752,-0.003701
2023-08-28,26106.150391,4433.310059,361.782715,1917.900024,0.002245,0.006265,0.007527,0.003558
2023-08-29,27727.392578,4497.629883,369.683960,1936.500000,0.062102,0.014508,0.021840,0.009698
2023-08-30,27297.265625,4514.870117,371.745544,1944.300049,-0.015513,0.003833,0.005577,0.004028
2023-08-31,25931.472656,4507.660156,372.860291,1938.199951,-0.050034,-0.001597,0.002999,-0.003137
2023-09-01,25800.724609,4515.770020,372.465698,1939.800049,-0.005042,0.001799,-0.001058,0.000826
2023-09-05,25779.982422,4496.830078,372.939178,1926.199951,-0.000804,-0.004194,0.001271,-0.007011
2023-09-06,25753.236328,4465.479980,369.654297,1918.099976,-0.001037,-0.006972,-0.008808,-0.004205
2023-09-07,26240.195312,4451.140137,367.010651,1917.500000,0.018909,-0.003211,-0.007152,-0.000313
2023-09-08,25905.654297,4457.490234,367.523651,1918.400024,-0.012749,0.001427,0.001398,0.000469
2023-09-11,25162.654297,4487.459961,371.854095,1923.300049,-0.028681,0.006723,0.011783,0.002554
2023-09-12,25833.343750,4461.899902,367.730865,1911.300049,0.026654,-0.005696,-0.011088,-0.006239
2023-09-13,26228.324219,4467.439941,369.131561,1909.099976,0.015290,0.001242,0.003809,-0.001151
2023-09-14,26539.673828,4505.100098,372.150055,1910.000000,0.011871,0.008430,0.008177,0.000471
2023-09-15,26608.693359,4450.319824,365.777679,1923.699951,0.002601,-0.012160,-0.017123,0.007173
2023-09-18,26754.281250,4453.529785,366.159027,1931.500000,0.005471,0.000721,0.001043,0.004055
2023-09-19,27211.117188,4443.950195,365.378571,1932.000000,0.017075,-0.002151,-0.002131,0.000259
2023-09-20,27132.007812,4402.200195,360.113312,1945.599976,-0.002907,-0.009395,-0.014410,0.007039
2023-09-21,26567.632812,4330.000000,353.514435,1919.199951,-0.020801,-0.016401,-0.018324,-0.013569
2023-09-22,26579.568359,4320.060059,353.563843,1925.400024,0.000449,-0.002296,0.000140,0.003231
2023-09-25,26298.480469,4337.439941,355.243134,1916.599976,-0.010575,0.004023,0.004750,-0.004571
2023-09-26,26217.250000,4273.529785,349.908752,1900.400024,-0.003089,-0.014735,-0.015016,-0.008452
2023-09-27,26352.716797,4274.509766,350.728699,1871.599976,0.005167,0.000229,0.002343,-0.015155
2023-09-28,27021.546875,4299.700195,353.662598,1860.400024,0.025380,0.005893,0.008365,-0.005984
2023-09-29,26911.720703,4288.049805,353.919464,1848.099976,-0.004064,-0.002710,0.000726,-0.006612
2023-10-02,27530.785156,4288.390137,356.873138,1830.000000,0.023004,0.000079,0.008346,-0.009794
2023-10-03,27429.978516,4229.450195,350.610138,1824.599976,-0.003662,-0.013744,-0.017550,-0.002951
2023-10-04,27799.394531,4263.750000,355.381439,1818.500000,0.013468,0.008110,0.013609,-0.003343
2023-10-05,27415.912109,4258.189941,354.334381,1816.599976,-0.013795,-0.001304,-0.002946,-0.001045
2023-10-06,27946.597656,4308.500000,360.271393,1830.199951,0.019357,0.011815,0.016755,0.007486
2023-10-09,27583.677734,4335.660156,362.108795,1849.500000,-0.012986,0.006304,0.005100,0.010545
2023-10-10,27391.019531,4358.240234,364.114105,1861.000000,-0.006985,0.005208,0.005538,0.006218
2023-10-11,26873.320312,4376.950195,366.712219,1872.800049,-0.018900,0.004293,0.007135,0.006341
2023-10-12,26756.798828,4349.609863,365.437836,1869.300049,-0.004336,-0.006246,-0.003475,-0.001869
2023-10-13,26862.375000,4327.779785,360.844299,1927.400024,0.003946,-0.005019,-0.012570,0.031081
2023-10-16,28519.466797,4373.629883,364.924164,1921.099976,0.061688,0.010594,0.011306,-0.003269
2023-10-17,28415.748047,4373.200195,363.728912,1922.699951,-0.003637,-0.000098,-0.003275,0.000833
2023-10-18,28328.341797,4314.600098,358.957520,1955.300049,-0.003076,-0.013400,-0.013118,0.016955
2023-10-19,28719.806641,4278.000000,355.598816,1968.400024,0.013819,-0.008483,-0.009357,0.006700
2023-10-20,29682.949219,4224.160156,350.294037,1982.500000,0.033536,-0.012585,-0.014918,0.007163
2023-10-23,33086.234375,4217.040039,351.351044,1976.300049,0.114655,-0.001686,0.003017,-0.003127
2023-10-24,33901.527344,4247.680176,354.769012,1975.000000,0.024641,0.007266,0.009728,-0.000658
2023-10-25,34502.820312,4186.770020,346.085754,1984.099976,0.017736,-0.014340,-0.024476,0.004608
2023-10-26,34156.648438,4137.229980,339.486877,1987.199951,-0.010033,-0.011833,-0.019067,0.001562
2023-10-27,33909.800781,4117.370117,341.116821,1988.599976,-0.007227,-0.004800,0.004801,0.000705
2023-10-30,34502.363281,4166.819824,344.959625,1996.199951,0.017475,0.012010,0.011265,0.003822
2023-10-31,34667.781250,4193.799805,346.609314,1985.199951,0.004794,0.006475,0.004782,-0.005510
2023-11-01,35437.253906,4237.859863,352.625366,1978.800049,0.022196,0.010506,0.017357,-0.003224
2023-11-02,34938.242188,4317.779785,359.026703,1985.599976,-0.014082,0.018859,0.018153,0.003436
2023-11-03,34732.324219,4358.339844,363.244781,1991.500000,-0.005894,0.009394,0.011749,0.002971
2023-11-06,35037.371094,4365.979980,364.726562,1981.599976,0.008783,0.001753,0.004079,-0.004971
2023-11-07,35443.562500,4378.379883,368.174225,1966.800049,0.011593,0.002840,0.009453,-0.007469
2023-11-08,35655.277344,4382.779785,368.411316,1951.500000,0.005973,0.001005,0.000644,-0.007779
2023-11-09,36693.125000,4347.350098,365.576202,1964.199951,0.029108,-0.008084,-0.007696,0.006508
2023-11-10,37313.968750,4415.240234,373.795166,1932.599976,0.016920,0.015616,0.022482,-0.016088
2023-11-13,36502.355469,4411.549805,372.629486,1945.500000,-0.021751,-0.000836,-0.003118,0.006675
2023-11-14,35537.640625,4495.700195,380.650848,1961.800049,-0.026429,0.019075,0.021526,0.008378
2023-11-15,37880.582031,4502.879883,380.937347,1960.099976,0.065928,0.001597,0.000753,-0.000867
2023-11-16,36154.769531,4508.240234,381.263367,1983.900024,-0.045559,0.001190,0.000856,0.012142
2023-11-17,36596.683594,4514.020020,381.352203,1981.599976,0.012223,0.001282,0.000233,-0.001159
2023-11-20,37476.957031,4547.379883,385.995148,1977.699951,0.024053,0.007390,0.012175,-0.001968
2023-11-21,35813.812500,4538.189941,383.752716,1999.300049,-0.044378,-0.002021,-0.005809,0.010922
2023-11-22,37432.339844,4556.620117,385.323425,1991.400024,0.045193,0.004061,0.004093,-0.003951
2023-11-24,37720.281250,4559.339844,384.780090,2002.199951,0.007692,0.000597,-0.001410,0.005423
2023-11-27,37254.167969,4550.430176,384.444275,2011.800049,-0.012357,-0.001954,-0.000873,0.004795
2023-11-28,37831.085938,4554.890137,385.451843,2039.699951,0.015486,0.000980,0.002621,0.013868
2023-11-29,37858.492188,4550.580078,385.076447,2047.099976,0.000724,-0.000946,-0.000974,0.003628
2023-11-30,37712.746094,4567.799805,384.108337,2038.099976,-0.003850,0.003784,-0.002514,-0.004396
2023-12-01,38688.750000,4594.629883,385.204865,2071.000000,0.025880,0.005874,0.002855,0.016142
2023-12-04,41980.097656,4569.779785,381.628845,2024.099976,0.085072,-0.005409,-0.009283,-0.022646
2023-12-05,44080.648438,4567.180176,382.587067,2018.500000,0.050037,-0.000569,0.002511,-0.002767
2023-12-06,43746.445312,4549.339844,380.374268,2030.500000,-0.007582,-0.003906,-0.005784,0.005945
2023-12-07,43292.664062,4585.589844,385.688904,2029.900024,-0.010373,0.007968,0.013972,-0.000295
2023-12-08,44166.601562,4604.370117,387.407776,1998.300049,0.020187,0.004095,0.004457,-0.015567
2023-12-11,41243.832031,4622.439941,390.717133,1978.000000,-0.066176,0.003924,0.008542,-0.010159
2023-12-12,41450.222656,4643.700195,393.828857,1977.800049,0.005004,0.004599,0.007964,-0.000101
2023-12-13,42890.742188,4707.089844,398.837280,1982.300049,0.034753,0.013651,0.012717,0.002275
2023-12-14,43023.972656,4719.549805,398.491577,2030.199951,0.003106,0.002647,-0.000867,0.024164
2023-12-15,41929.757812,4719.189941,400.417847,2021.099976,-0.025433,-0.000076,0.004834,-0.004482
2023-12-18,42623.539062,4740.560059,402.939911,2026.300049,0.016546,0.004528,0.006299,0.002573
2023-12-19,42270.527344,4768.370117,404.998810,2038.400024,-0.008282,0.005866,0.005110,0.005971
2023-12-20,43652.250000,4698.350098,398.980652,2034.500000,0.032688,-0.014684,-0.014860,-0.001913
2023-12-21,43869.152344,4746.750000,403.622894,2039.099976,0.004969,0.010301,0.011635,0.002261
2023-12-22,43997.902344,4754.629883,404.226776,2057.100098,0.002935,0.001660,0.001496,0.008827
2023-12-26,42520.402344,4774.750000,406.701324,2058.199951,-0.033581,0.004232,0.006122,0.000535
2023-12-27,43442.855469,4781.580078,407.529266,2081.899902,0.021694,0.001430,0.002036,0.011515
2023-12-28,42627.855469,4783.350098,407.331207,2073.899902,-0.018760,0.000370,-0.000486,-0.003843
2023-12-29,42099.402344,4769.830078,405.568329,2062.399902,-0.012397,-0.002826,-0.004328,-0.005545
2024-01-02,44957.968750,4742.830078,398.705200,2064.399902,0.067900,-0.005661,-0.016922,0.000970
2024-01-03,42848.175781,4704.810059,394.486328,2034.199951,-0.046928,-0.008016,-0.010581,-0.014629
2024-01-04,44179.921875,4688.680176,392.456116,2042.300049,0.031081,-0.003428,-0.005146,0.003982
2024-01-05,44162.691406,4697.240234,392.921600,2042.400024,-0.000390,0.001826,0.001186,0.000049
2024-01-08,46970.503906,4763.540039,401.042480,2026.599976,0.063579,0.014115,0.020668,-0.007736
2024-01-09,46139.730469,4756.500000,401.834717,2026.400024,-0.017687,-0.001478,0.001975,-0.000099
2024-01-10,46627.777344,4783.450195,404.558228,2021.699951,0.010578,0.005666,0.006778,-0.002319
2024-01-11,46368.585938,4780.240234,405.399994,2014.300049,-0.005559,-0.000671,0.002081,-0.003660
2024-01-12,42853.167969,4783.830078,405.608002,2046.699951,-0.075815,0.000751,0.000513,0.016085
2024-01-16,43154.945312,4765.979980,405.568329,2026.000000,0.007042,-0.003731,-0.000098,-0.010114
2024-01-17,42742.652344,4739.209961,403.280609,2002.599976,-0.009554,-0.005617,-0.005641,-0.011550
2024-01-18,41262.058594,4780.939941,409.004883,2018.599976,-0.034640,0.008805,0.014194,0.007990
2024-01-19,41618.406250,4839.810059,417.115814,2026.500000,0.008636,0.012314,0.019831,0.003914
2024-01-22,39507.367188,4850.430176,417.660553,2019.800049,-0.050724,0.002194,0.001306,-0.003306
2024-01-23,39845.550781,4864.600098,419.393677,2023.699951,0.008560,0.002921,0.004150,0.001931
2024-01-24,40077.074219,4868.549805,421.720978,2013.900024,0.005811,0.000812,0.005549,-0.004843
2024-01-25,39933.808594,4894.160156,422.235931,2016.900024,-0.003575,0.005260,0.001221,0.001490
2024-01-26,41816.871094,4890.970215,419.720490,2016.800049,0.047155,-0.000652,-0.005957,-0.000050
2024-01-29,43288.246094,4927.930176,424.018555,2025.199951,0.035186,0.007557,0.010240,0.004165
2024-01-30,42952.609375,4924.970215,421.196106,2031.500000,-0.007754,-0.000601,-0.006656,0.003111
2024-01-31,42582.605469,4845.649902,412.946472,2048.399902,-0.008614,-0.016106,-0.019586,0.008319
2024-02-01,43075.773438,4906.189941,417.809113,2053.000000,0.011581,0.012494,0.011775,0.002246
2024-02-02,43185.859375,4958.609863,424.870300,2036.099976,0.002556,0.010684,0.016901,-0.008232
2024-02-05,42658.667969,4942.810059,424.315674,2025.699951,-0.012208,-0.003186,-0.001305,-0.005108
2024-02-06,43084.671875,4954.229980,423.464020,2034.500000,0.009986,0.002310,-0.002007,0.004344
2024-02-07,44318.222656,4995.060059,427.821533,2035.199951,0.028631,0.008241,0.010290,0.000344
2024-02-08,45301.566406,4997.910156,428.613861,2032.199951,0.022188,0.000571,0.001852,-0.001474
2024-02-09,47147.199219,5026.609863,432.832703,2023.300049,0.040741,0.005742,0.009843,-0.004379
2024-02-12,49958.222656,5021.839844,431.139191,2018.199951,0.059622,-0.000949,-0.003913,-0.002521
2024-02-13,49742.441406,4953.169922,424.414764,1992.900024,-0.004319,-0.013674,-0.015597,-0.012536
2024-02-14,51826.695312,5000.620117,429.039703,1990.300049,0.041901,0.009580,0.010897,-0.001305
2024-02-15,51938.554688,5029.729980,430.317200,2002.099976,0.002158,0.005821,0.002978,0.005929
2024-02-16,52160.203125,5005.569824,426.415283,2011.500000,0.004268,-0.004803,-0.009068,0.004695
2024-02-20,52284.875000,4975.509766,423.196594,2027.500000,0.002390,-0.006005,-0.007548,0.007954
2024-02-21,51839.179688,4981.799805,421.503082,2022.300049,-0.008524,0.001264,-0.004002,-0.002565
2024-02-22,51304.972656,5087.029785,433.842896,2019.699951,-0.010305,0.021123,0.029276,-0.001286
2024-02-23,50731.949219,5088.799805,432.565338,2038.599976,-0.011169,0.000348,-0.002945,0.009358
2024-02-26,54522.402344,5069.529785,432.337585,2028.500000,0.074715,-0.003787,-0.000527,-0.004954
2024-02-27,57085.371094,5078.180176,433.377380,2034.000000,0.047008,0.001706,0.002405,0.002711
2024-02-28,62504.789062,5069.759766,431.069885,2033.000000,0.094935,-0.001658,-0.005324,-0.000492
2024-02-29,61198.382812,5096.270020,434.763916,2045.699951,-0.020901,0.005229,0.008569,0.006247
2024-03-01,62440.632812,5137.080078,441.310120,2086.899902,0.020299,0.008008,0.015057,0.020140
2024-03-04,68330.414062,5130.950195,439.735504,2117.699951,0.094326,-0.001193,-0.003568,0.014759
2024-03-05,63801.199219,5078.649902,431.842346,2133.500000,-0.066284,-0.010193,-0.017950,0.007461
2024-03-06,66106.804688,5104.759766,434.555939,2150.300049,0.036137,0.005141,0.006284,0.007874
2024-03-07,66925.484375,5157.359863,441.151703,2158.000000,0.012384,0.010304,0.015178,0.003581
2024-03-08,68300.093750,5123.689941,434.783722,2178.600098,0.020539,-0.006529,-0.014435,0.009546
2024-03-11,72123.906250,5117.939941,433.169434,2182.500000,0.055985,-0.001122,-0.003713,0.001790
2024-03-12,71481.289062,5175.270020,439.378906,2160.399902,-0.008910,0.011202,0.014335,-0.010126
2024-03-13,73083.500000,5165.310059,436.001862,2175.399902,0.022414,-0.001925,-0.007686,0.006943
2024-03-14,71396.593750,5150.479980,434.902588,2163.000000,-0.023082,-0.002871,-0.002521,-0.005700
2024-03-15,69403.773438,5117.089844,429.732941,2157.300049,-0.027912,-0.006483,-0.011887,-0.002635
2024-03-18,67548.593750,5149.419922,433.831482,2160.699951,-0.026730,0.006318,0.009537,0.001576
2024-03-19,61912.773438,5178.509766,434.912384,2156.300049,-0.083434,0.005649,0.002492,-0.002036
2024-03-20,67913.671875,5224.620117,440.068970,2157.899902,0.096925,0.008904,0.011857,0.000742
2024-03-21,65491.390625,5241.529785,442.151520,2182.399902,-0.035667,0.003237,0.004732,0.011354
2024-03-22,63778.761719,5234.180176,442.657288,2158.100098,-0.026150,-0.001402,0.001144,-0.011134
2024-03-25,69958.812500,5218.189941,441.050751,2174.800049,0.096898,-0.003055,-0.003629,0.007738
2024-03-26,69987.835938,5203.580078,439.622772,2175.600098,0.000415,-0.002800,-0.003238,0.000368
2024-03-27,69455.343750,5248.490234,441.120117,2190.600098,-0.007608,0.008631,0.003406,0.006895
2024-03-28,70744.953125,5254.350098,440.307037,2217.399902,0.018567,0.001116,-0.001843,0.012234
2024-04-01,69702.148438,5243.770020,441.239136,2236.500000,-0.014740,-0.002014,0.002117,0.008614
2024-04-02,65446.972656,5205.810059,437.431183,2261.000000,-0.061048,-0.007239,-0.008630,0.010955
2024-04-03,65980.812500,5211.490234,438.412964,2294.399902,0.008157,0.001091,0.002244,0.014772
2024-04-04,68508.843750,5147.209961,431.709320,2288.800049,0.038315,-0.012334,-0.015291,-0.002441
2024-04-05,67837.640625,5204.339844,436.796478,2325.699951,-0.009797,0.011099,0.011784,0.016122
2024-04-08,71631.359375,5202.390137,436.925446,2331.699951,0.055924,-0.000375,0.000295,0.002580
2024-04-09,69139.015625,5209.910156,438.541870,2343.500000,-0.034794,0.001445,0.003700,0.005061
2024-04-10,70587.882812,5160.640137,434.714050,2329.600098,0.020956,-0.009457,-0.008729,-0.005931
2024-04-11,70060.609375,5199.060059,441.655701,2354.800049,-0.007470,0.007445,0.015968,0.010817
2024-04-12,67195.867188,5123.410156,434.614868,2356.199951,-0.040889,-0.014551,-0.015942,0.000594
2024-04-15,63426.210938,5061.819824,427.465027,2365.800049,-0.056100,-0.012021,-0.016451,0.004074
2024-04-16,63811.863281,5051.410156,427.504669,2390.800049,0.006080,-0.002057,0.000093,0.010567
2024-04-17,61276.691406,5022.209961,422.288513,2371.699951,-0.039729,-0.005781,-0.012201,-0.007989
2024-04-18,63512.753906,5011.120117,419.878815,2382.300049,0.036491,-0.002208,-0.005706,0.004469
2024-04-19,63843.570312,4967.229980,411.191864,2398.399902,0.005209,-0.008759,-0.020689,0.006758
2024-04-22,66837.679688,5010.600098,415.327118,2332.199951,0.046898,0.008731,0.010057,-0.027602
2024-04-23,66407.273438,5070.549805,421.524963,2327.699951,-0.006440,0.011965,0.014923,-0.001930
2024-04-24,64276.898438,5071.629883,422.952972,2324.500000,-0.032080,0.000213,0.003388,-0.001375
2024-04-25,64481.707031,5048.419922,420.910126,2329.800049,0.003186,-0.004576,-0.004830,0.002280
2024-04-26,63755.320312,5099.959961,427.405518,2334.800049,-0.011265,0.010209,0.015432,0.002146
2024-04-29,63841.121094,5116.169922,429.140900,2345.399902,0.001346,0.003178,0.004060,0.004540
2024-04-30,60636.855469,5035.689941,421.048950,2291.399902,-0.050191,-0.015731,-0.018856,-0.023024
2024-05-01,58254.011719,5018.390137,418.004547,2299.899902,-0.039297,-0.003435,-0.007231,0.003710
2024-05-02,59123.433594,5064.200195,423.339691,2299.199951,0.014925,0.009128,0.012763,-0.000304
2024-05-03,62889.835938,5127.790039,431.848145,2299.000000,0.063704,0.012557,0.020098,-0.000087
2024-05-06,63161.949219,5180.740234,436.578400,2321.600098,0.004327,0.010326,0.010954,0.009830
2024-05-07,62334.816406,5187.700195,436.647766,2315.199951,-0.013095,0.001343,0.000159,-0.002757
2024-05-08,61187.941406,5187.669922,436.389954,2313.600098,-0.018399,-0.000006,-0.000590,-0.000691
2024-05-09,63049.960938,5214.080078,437.341919,2332.100098,0.030431,0.005091,0.002181,0.007996
2024-05-10,60792.777344,5222.680176,438.373291,2367.300049,-0.035800,0.001649,0.002358,0.015094
2024-05-13,62901.449219,5221.419922,439.384766,2336.100098,0.034686,-0.000241,0.002307,-0.013180
2024-05-14,61552.789062,5246.680176,442.210999,2353.399902,-0.021441,0.004838,0.006432,0.007405
2024-05-15,66267.492188,5308.149902,449.122833,2388.699951,0.076596,0.011716,0.015630,0.015000
2024-05-16,65231.582031,5297.100098,448.210571,2380.000000,-0.015632,-0.002082,-0.002031,-0.003642
2024-05-17,67051.875000,5303.270020,447.992371,2412.199951,0.027905,0.001165,-0.000487,0.013529
2024-05-20,71448.195312,5308.129883,451.116089,2433.899902,0.065566,0.000916,0.006973,0.008996
2024-05-21,70136.531250,5321.410156,451.998657,2421.699951,-0.018358,0.002502,0.001956,-0.005013
2024-05-22,69122.335938,5307.009766,451.909424,2389.199951,-0.014460,-0.002706,-0.000197,-0.013420
2024-05-23,67929.562500,5267.839844,449.876526,2335.000000,-0.017256,-0.007381,-0.004498,-0.022685
2024-05-24,68526.101562,5304.720215,454.130768,2332.500000,0.008782,0.007001,0.009456,-0.001071
2024-05-28,68296.218750,5306.040039,455.846313,2355.199951,-0.003355,0.000249,0.003778,0.009732
2024-05-29,67578.093750,5266.950195,452.633331,2340.300049,-0.010515,-0.007367,-0.007048,-0.006326
2024-05-30,68364.992188,5235.479980,447.784119,2342.899902,0.011644,-0.005975,-0.010713,0.001111
2024-05-31,67491.414062,5277.509766,446.951141,2322.899902,-0.012778,0.008028,-0.001860,-0.008536
2024-06-03,68804.781250,5283.399902,449.350952,2346.600098,0.019460,0.001116,0.005369,0.010203
2024-06-04,70567.765625,5291.339844,450.580566,2325.500000,0.025623,0.001503,0.002736,-0.008992
2024-06-05,71082.820312,5354.029785,459.664215,2354.100098,0.007299,0.011848,0.020160,0.012298
2024-06-06,70757.164062,5352.959961,459.505524,2370.300049,-0.004581,-0.000200,-0.000345,0.006882
2024-06-07,69342.585938,5346.990234,459.098938,2305.199951,-0.019992,-0.001115,-0.000885,-0.027465
2024-06-10,69512.281250,5360.790039,460.953308,2307.699951,0.002447,0.002581,0.004039,0.001085
2024-06-11,67332.031250,5375.319824,464.116730,2307.500000,-0.031365,0.002710,0.006863,-0.000087
2024-06-12,68241.187500,5421.029785,470.195648,2336.000000,0.013503,0.008504,0.013098,0.012351
2024-06-13,66756.398438,5433.740234,472.744202,2300.199951,-0.021758,0.002345,0.005420,-0.015325
2024-06-14,66011.093750,5431.600098,475.193604,2331.399902,-0.011165,-0.000394,0.005181,0.013564
2024-06-17,66490.296875,5473.229980,481.014648,2312.399902,0.007259,0.007664,0.012250,-0.008150
2024-06-18,65140.746094,5487.029785,481.163422,2330.399902,-0.020297,0.002521,0.000309,0.007784
2024-06-20,64828.656250,5473.169922,477.454620,2353.800049,-0.004791,-0.002526,-0.007708,0.010041
2024-06-21,64096.199219,5464.620117,476.175323,2316.399902,-0.011298,-0.001562,-0.002679,-0.015889
2024-06-24,60277.414062,5447.870117,470.754272,2330.000000,-0.059579,-0.003065,-0.011385,0.005871
2024-06-25,61804.640625,5469.299805,476.137604,2316.600098,0.025337,0.003934,0.011436,-0.005751
2024-06-26,60811.277344,5477.899902,477.120911,2299.199951,-0.016073,0.001572,0.002065,-0.007511
2024-06-27,61604.800781,5482.870117,478.352539,2324.500000,0.013049,0.000907,0.002581,0.011004
2024-06-28,60320.136719,5460.479980,475.869415,2327.699951,-0.020853,-0.004084,-0.005191,0.001377
2024-07-01,62851.980469,5475.089844,478.660461,2327.600098,0.041973,0.002676,0.005865,-0.000043
2024-07-02,62029.015625,5509.009766,483.686249,2323.000000,-0.013094,0.006195,0.010500,-0.001976
2024-07-03,60173.921875,5537.020020,487.718781,2359.800049,-0.029907,0.005084,0.008337,0.015842
2024-07-05,56662.375000,5567.189941,492.804169,2388.500000,-0.058357,0.005449,0.010427,0.012162
2024-07-08,56705.097656,5572.850098,493.976135,2355.199951,0.000754,0.001017,0.002378,-0.013942
2024-07-09,58009.226562,5576.979980,494.403259,2360.100098,0.022998,0.000741,0.000865,0.002081
2024-07-10,57742.496094,5633.910156,499.558105,2372.199951,-0.004598,0.010208,0.010426,0.005127
2024-07-11,57344.914062,5584.540039,488.602722,2415.000000,-0.006885,-0.008763,-0.021930,0.018042
2024-07-12,57899.464844,5615.350098,491.473175,2414.000000,0.009670,0.005517,0.005875,-0.000414
2024-07-15,64870.152344,5631.220215,492.794159,2422.899902,0.120393,0.002826,0.002688,0.003687
2024-07-16,65097.148438,5667.200195,492.982880,2462.399902,0.003499,0.006389,0.000383,0.016303
2024-07-17,64118.792969,5588.270020,478.511475,2454.800049,-0.015029,-0.013928,-0.029355,-0.003086
2024-07-18,63974.066406,5544.589844,476.246857,2451.800049,-0.002257,-0.007816,-0.004733,-0.001222
2024-07-19,66710.156250,5505.000000,472.025574,2395.500000,0.042769,-0.007140,-0.008864,-0.022963
2024-07-22,67585.250000,5564.410156,479.057739,2392.000000,0.013118,0.010792,0.014898,-0.001461
2024-07-23,65927.671875,5555.740234,477.369202,2404.600098,-0.024526,-0.001558,-0.003525,0.005268
2024-07-24,65372.132812,5427.129883,460.245850,2413.300049,-0.008426,-0.023149,-0.035870,0.003618
2024-07-25,65777.226562,5399.220215,455.170349,2351.899902,0.006197,-0.005143,-0.011028,-0.025442
2024-07-26,67912.062500,5459.100098,459.838654,2380.000000,0.032456,0.011090,0.010256,0.011948
2024-07-29,66819.914062,5463.540039,460.762299,2377.300049,-0.016082,0.000813,0.002009,-0.001134
2024-07-30,66201.015625,5436.439941,454.435394,2405.000000,-0.009262,-0.004960,-0.013731,0.011652
2024-07-31,64619.250000,5522.299805,467.883789,2426.500000,-0.023893,0.015793,0.029594,0.008940
2024-08-01,65357.500000,5446.680176,456.550964,2435.000000,0.011425,-0.013694,-0.024221,0.003503
2024-08-02,61415.066406,5346.560059,445.714813,2425.699951,-0.060321,-0.018382,-0.023735,-0.003819
2024-08-05,53991.457031,5186.330078,432.425293,2401.699951,-0.120876,-0.029969,-0.029816,-0.009894
2024-08-06,56034.316406,5240.029785,436.557159,2389.100098,0.037837,0.010354,0.009555,-0.005246
2024-08-07,55027.460938,5199.500000,431.829346,2390.500000,-0.017969,-0.007735,-0.010830,0.000586
2024-08-08,61710.136719,5319.310059,445.039429,2422.199951,0.121443,0.023043,0.030591,0.013261
2024-08-09,60880.113281,5344.160156,447.363586,2432.100098,-0.013450,0.004672,0.005222,0.004087
2024-08-12,59354.515625,5344.390137,448.326996,2462.399902,-0.025059,0.000043,0.002154,0.012458
2024-08-13,60609.566406,5434.430176,459.451263,2466.699951,0.021145,0.016848,0.024813,0.001746
2024-08-14,58737.269531,5455.209961,459.600250,2439.399902,-0.030891,0.003824,0.000324,-0.011067
2024-08-15,57560.097656,5543.220215,471.211182,2453.100098,-0.020041,0.016133,0.025263,0.005616
2024-08-16,58894.105469,5554.250000,471.817047,2498.600098,0.023176,0.001990,0.001286,0.018548
2024-08-19,59493.453125,5608.250000,478.014771,2501.800049,0.010177,0.009722,0.013136,0.001281
2024-08-20,59012.792969,5597.120117,477.011658,2511.300049,-0.008079,-0.001985,-0.002098,0.003797
2024-08-21,61175.191406,5620.850098,479.236511,2508.399902,0.036643,0.004240,0.004664,-0.001155
2024-08-22,60381.914062,5570.640137,471.638275,2478.899902,-0.012967,-0.008933,-0.015855,-0.011760
2024-08-23,64094.355469,5634.609863,476.753418,2508.399902,0.061483,0.011483,0.010845,0.011900
2024-08-26,62880.660156,5616.839844,472.124939,2517.699951,-0.018936,-0.003154,-0.009708,0.003708
2024-08-27,59504.132812,5625.799805,473.535370,2516.000000,-0.053697,0.001595,0.002987,-0.000675
2024-08-28,59027.625000,5592.180176,468.161896,2501.000000,-0.008008,-0.005976,-0.011348,-0.005962
2024-08-29,59388.179688,5591.959961,467.476624,2525.699951,0.006108,-0.000039,-0.001464,0.009876
2024-08-30,59119.476562,5648.399902,473.048645,2493.800049,-0.004525,0.010093,0.011919,-0.012630
2024-09-03,57431.023438,5528.930176,458.686462,2489.899902,-0.028560,-0.021151,-0.030361,-0.001564
2024-09-04,57971.539062,5520.069824,457.494537,2493.399902,0.009412,-0.001603,-0.002599,0.001406
2024-09-05,56160.488281,5503.410156,457.921661,2511.399902,-0.031240,-0.003018,0.000934,0.007219
2024-09-06,53948.753906,5408.419922,445.655182,2493.500000,-0.039382,-0.017260,-0.026787,-0.007127
2024-09-09,57019.535156,5471.049805,451.386139,2501.800049,0.056920,0.011580,0.012860,0.003329
2024-09-10,57648.710938,5495.520020,455.557770,2512.300049,0.011034,0.004473,0.009242,0.004197
2024-09-11,57343.171875,5554.129883,465.450378,2512.100098,-0.005300,0.010665,0.021715,-0.000080
2024-09-12,58127.011719,5595.759766,470.019318,2551.199951,0.013669,0.007495,0.009816,0.015565
2024-09-13,60571.300781,5626.020020,472.124939,2581.300049,0.042051,0.005408,0.004480,0.011798
2024-09-16,58192.507812,5633.089844,470.039154,2580.399902,-0.039273,0.001257,-0.004418,-0.000349
2024-09-17,60308.539062,5634.580078,470.287445,2564.300049,0.036363,0.000265,0.000528,-0.006239
2024-09-18,61649.679688,5618.259766,468.251312,2570.699951,0.022238,-0.002896,-0.004330,0.002496
2024-09-19,62940.457031,5713.640137,480.090698,2588.000000,0.020937,0.016977,0.025284,0.006730
2024-09-20,63192.976562,5702.549805,479.176910,2619.899902,0.004012,-0.001941,-0.001903,0.012326
2024-09-23,63329.800781,5718.569824,480.447052,2626.500000,0.002165,0.002809,0.002651,0.002519
2024-09-24,64301.968750,5732.930176,482.764557,2651.199951,0.015351,0.002511,0.004824,0.009404
2024-09-25,63143.144531,5722.259766,483.212128,2659.199951,-0.018022,-0.001861,0.000927,0.003018
2024-09-26,65181.019531,5745.370117,486.842560,2669.899902,0.032274,0.004039,0.007513,0.004024
2024-09-27,65790.664062,5738.169922,484.137146,2644.300049,0.009353,-0.001253,-0.005557,-0.009588
2024-09-30,63329.500000,5762.479980,485.450073,2636.100098,-0.037409,0.004237,0.002712,-0.003101
2024-10-01,60837.007812,5708.750000,478.686554,2667.300049,-0.039358,-0.009324,-0.013932,0.011836
2024-10-02,60632.785156,5709.540039,479.362885,2647.100098,-0.003357,0.000138,0.001413,-0.007573
2024-10-03,60759.402344,5699.939941,479.004822,2657.100098,0.002088,-0.001681,-0.000747,0.003778
2024-10-04,62067.476562,5751.069824,484.704071,2645.800049,0.021529,0.008970,0.011898,-0.004253
2024-10-07,62236.660156,5695.939941,479.512115,2644.800049,0.002726,-0.009586,-0.010712,-0.000378
2024-10-08,62131.968750,5751.129883,486.673462,2615.000000,-0.001682,0.009689,0.014935,-0.011267
2024-10-09,60582.101562,5792.040039,490.502747,2606.000000,-0.024945,0.007113,0.007868,-0.003442
2024-10-10,60274.500000,5780.049805,489.945801,2620.600098,-0.005077,-0.002070,-0.001135,0.005602
2024-10-11,62445.089844,5815.029785,490.711609,2657.600098,0.036012,0.006052,0.001563,0.014119
2024-10-14,66046.125000,5859.850098,494.829437,2647.800049,0.057667,0.007708,0.008392,-0.003688
2024-10-15,67041.109375,5815.259766,488.215149,2661.399902,0.015065,-0.007609,-0.013367,0.005136
2024-10-16,67612.718750,5842.470215,488.274811,2674.000000,0.008526,0.004679,0.000122,0.004734
2024-10-17,67399.835938,5841.470215,488.613007,2691.000000,-0.003149,-0.000171,0.000693,0.006358
2024-10-18,68418.789062,5864.669922,491.815704,2713.699951,0.015118,0.003972,0.006555,0.008436
2024-10-21,67367.851562,5853.979980,492.760620,2723.100098,-0.015360,-0.001823,0.001921,0.003464
2024-10-22,67361.406250,5851.200195,493.297699,2744.199951,-0.000096,-0.000475,0.001090,0.007748
2024-10-23,66432.195312,5797.419922,485.738495,2714.399902,-0.013794,-0.009191,-0.015324,-0.010859
2024-10-24,68161.054688,5809.859863,489.677246,2734.899902,0.026024,0.002146,0.008109,0.007552
2024-10-25,66642.414062,5808.120117,492.661133,2740.899902,-0.022280,-0.000299,0.006094,0.002194
2024-10-28,69907.757812,5823.520020,492.740723,2742.899902,0.048998,0.002651,0.000162,0.000730
2024-10-29,72720.492188,5832.919922,497.475159,2768.399902,0.040235,0.001614,0.009608,0.009297
2024-10-30,72339.539062,5813.669922,493.715454,2788.500000,-0.005239,-0.003300,-0.007558,0.007261
2024-10-31,70215.187500,5705.450195,481.252686,2738.300049,-0.029366,-0.018615,-0.025243,-0.018002
2024-11-01,69482.468750,5728.799805,484.813477,2738.600098,-0.010435,0.004093,0.007399,0.000110
2024-11-04,67811.507812,5712.689941,483.401123,2736.100098,-0.024049,-0.002812,-0.002913,-0.000913
2024-11-05,69359.562500,5782.759766,489.567841,2740.300049,0.022829,0.012266,0.012757,0.001535
2024-11-06,75639.078125,5929.040039,502.866058,2667.600098,0.090536,0.025296,0.027163,-0.026530
2024-11-07,75904.859375,5973.100098,510.783264,2698.399902,0.003514,0.007431,0.015744,0.011546
2024-11-08,76545.476562,5995.540039,511.380127,2687.500000,0.008440,0.003757,0.001169,-0.004039
2024-11-11,88701.484375,6001.350098,511.081726,2611.199951,0.158808,0.000969,-0.000584,-0.028391
2024-11-12,87955.812500,5983.990234,510.156708,2600.000000,-0.008407,-0.002893,-0.001810,-0.004289
2024-11-13,90584.164062,5985.379883,509.500244,2580.800049,0.029883,0.000232,-0.001287,-0.007385
2024-11-14,87250.429688,5949.169922,505.959381,2568.199951,-0.036803,-0.006050,-0.006950,-0.004882
2024-11-15,91066.007812,5870.620117,493.904449,2565.699951,0.043731,-0.013203,-0.023826,-0.000973
2024-11-18,90542.640625,5893.620117,497.335907,2610.600098,-0.005747,0.003918,0.006948,0.017500
2024-11-19,92343.789062,5916.979980,500.757477,2627.100098,0.019893,0.003964,0.006880,0.006320
2024-11-20,94339.492188,5917.109863,500.469025,2648.199951,0.021612,0.000022,-0.000576,0.008032
2024-11-21,98504.726562,5948.709961,502.269287,2672.100098,0.044152,0.005340,0.003597,0.009025
2024-11-22,98997.664062,5969.339844,503.074951,2709.899902,0.005004,0.003468,0.001604,0.014146
2024-11-25,93102.296875,5987.370117,503.870605,2616.800049,-0.059551,0.003020,0.001582,-0.034355
2024-11-26,91985.320312,6021.629883,506.576050,2620.300049,-0.011997,0.005722,0.005369,0.001338
2024-11-27,95962.531250,5998.740234,502.587524,2639.899902,0.043237,-0.003801,-0.007873,0.007480
2024-11-29,97461.523438,6032.379883,507.003693,2657.000000,0.015621,0.005608,0.008787,0.006478
2024-12-02,95865.304688,6047.149902,512.523865,2634.899902,-0.016378,0.002448,0.010888,-0.008318
2024-12-03,96002.164062,6049.879883,514.095459,2644.699951,0.001428,0.000451,0.003066,0.003719
2024-12-04,98768.531250,6086.490234,520.451172,2653.800049,0.028816,0.006051,0.012363,0.003441
2024-12-05,96593.570312,6075.109863,519.008911,2626.600098,-0.022021,-0.001870,-0.002771,-0.010249
2024-12-06,99920.710938,6090.270020,523.653870,2638.600098,0.034445,0.002495,0.008950,0.004569
2024-12-09,97432.718750,6052.850098,519.575867,2664.899902,-0.024900,-0.006144,-0.007788,0.009967
2024-12-10,96675.429688,6034.910156,517.805420,2697.600098,-0.007772,-0.002964,-0.003407,0.012271
2024-12-11,101173.031250,6084.189941,527.075378,2733.800049,0.046523,0.008166,0.017902,0.013419
2024-12-12,100043.000000,6051.250000,523.673828,2687.500000,-0.011169,-0.005414,-0.006454,-0.016936
2024-12-13,101459.257812,6051.089844,527.682129,2656.000000,0.014156,-0.000026,0.007654,-0.011721
2024-12-16,106029.718750,6074.080078,535.281067,2651.399902,0.045047,0.003799,0.014401,-0.001732
2024-12-17,106140.601562,6050.609863,532.923828,2644.399902,0.001046,-0.003864,-0.004404,-0.002640
2024-12-18,100041.539062,5872.160156,513.697571,2636.500000,-0.057462,-0.029493,-0.036077,-0.002987
2024-12-19,97490.953125,5867.080078,511.409943,2592.199951,-0.025495,-0.000865,-0.004453,-0.016803
2024-12-20,97755.929688,5930.850098,515.875793,2628.699951,0.002718,0.010869,0.008732,0.014081
2024-12-23,94686.242188,5974.069824,520.901855,2612.300049,-0.031402,0.007287,0.009743,-0.006239
2024-12-24,98676.093750,6040.040039,527.965149,2620.000000,0.042138,0.011043,0.013560,0.002948
2024-12-26,95795.515625,6037.589844,527.606506,2638.800049,-0.029192,-0.000406,-0.000679,0.007176
2024-12-27,94164.859375,5970.839844,520.593018,2617.199951,-0.017022,-0.011056,-0.013293,-0.008186
2024-12-30,92643.210938,5906.939941,513.669189,2606.100098,-0.016159,-0.010702,-0.013300,-0.004241
2024-12-31,93429.203125,5881.629883,509.305695,2629.199951,0.008484,-0.004285,-0.008495,0.008864
2025-01-02,96886.875000,5868.549805,508.309448,2658.899902,0.037008,-0.002224,-0.001956,0.011296
2025-01-03,98107.429688,5942.470215,516.628052,2645.000000,0.012598,0.012596,0.016365,-0.005228
2025-01-06,102078.085938,5975.379883,522.565552,2638.399902,0.040473,0.005538,0.011493,-0.002495
2025-01-07,96922.703125,5909.029785,513.240845,2656.699951,-0.050504,-0.011104,-0.017844,0.006936
2025-01-08,95043.523438,5918.250000,513.330444,2664.500000,-0.019388,0.001560,0.000175,0.002936
2025-01-10,94701.453125,5827.040039,505.280884,2708.500000,-0.003599,-0.015412,-0.015681,0.016513
2025-01-13,94516.523438,5836.220215,503.657013,2673.500000,-0.001953,0.001575,-0.003214,-0.012922
2025-01-14,96534.046875,5842.910156,503.178802,2677.500000,0.021346,0.001146,-0.000949,0.001496
2025-01-15,100504.492188,5949.910156,514.755066,2712.500000,0.041130,0.018313,0.023006,0.013072
2025-01-16,99756.906250,5937.339844,511.148743,2746.399902,-0.007438,-0.002113,-0.007006,0.012498
2025-01-17,104462.039062,5996.660156,519.776123,2744.300049,0.047166,0.009991,0.016878,-0.000765
2025-01-21,106146.265625,6049.240234,522.824585,2755.000000,0.016123,0.008768,0.005865,0.003899
2025-01-22,103653.070312,6086.370117,529.509399,2767.600098,-0.023488,0.006138,0.012786,0.004574
2025-01-23,103960.171875,6118.709961,530.635071,2763.100098,0.002963,0.005313,0.002126,-0.001626
2025-01-24,104819.484375,6101.240234,527.636353,2777.300049,0.008266,-0.002855,-0.005651,0.005139
2025-01-27,102087.687500,6012.279785,512.274475,2737.500000,-0.026062,-0.014581,-0.029115,-0.014330
2025-01-28,101332.476562,6067.700195,519.845825,2766.800049,-0.007398,0.009218,0.014780,0.010703
2025-01-29,103703.210938,6039.310059,518.869568,2769.100098,0.023396,-0.004679,-0.001878,0.000831
2025-01-30,104735.304688,6071.169922,521.081177,2823.000000,0.009952,0.005275,0.004262,0.019465
2025-01-31,102405.023438,6040.529785,520.323975,2812.500000,-0.022249,-0.005047,-0.001453,-0.003719
2025-02-03,101405.421875,5994.569824,516.159729,2833.899902,-0.009761,-0.007609,-0.008003,0.007609
2025-02-04,97871.820312,6037.879883,522.495789,2853.300049,-0.034846,0.007225,0.012275,0.006846
2025-02-05,96615.445312,6061.479980,524.866882,2871.600098,-0.012837,0.003909,0.004538,0.006414
2025-02-06,96593.296875,6083.569824,527.606506,2856.000000,-0.000229,0.003644,0.005220,-0.005433
2025-02-07,96529.085938,6025.990234,520.951660,2867.300049,-0.000665,-0.009465,-0.012613,0.003957
2025-02-10,97437.554688,6066.439941,527.257812,2914.300049,0.009411,0.006713,0.012105,0.016392
2025-02-11,95747.429688,6068.500000,526.002563,2912.500000,-0.017346,0.000340,-0.002381,-0.000618
2025-02-12,97885.859375,6051.970215,526.311401,2909.000000,0.022334,-0.002724,0.000587,-0.001202
2025-02-13,96623.867188,6115.069824,533.882874,2925.899902,-0.012892,0.010426,0.014386,0.005810
2025-02-14,97508.968750,6114.629883,536.124390,2883.600098,0.009160,-0.000072,0.004199,-0.014457
2025-02-18,95539.546875,6129.580078,537.339722,2931.600098,-0.020197,0.002445,0.002267,0.016646
2025-02-19,96635.609375,6144.149902,537.489197,2919.399902,0.011472,0.002377,0.000278,-0.004162
2025-02-20,98333.937500,6117.520020,535.207764,2940.000000,0.017575,-0.004334,-0.004245,0.007056
2025-02-21,96125.546875,6013.129883,524.099792,2937.600098,-0.022458,-0.017064,-0.020755,-0.000816
2025-02-24,91418.171875,5983.250000,517.913147,2947.899902,-0.048971,-0.004969,-0.011804,0.003506
2025-02-25,88736.171875,5955.250000,511.387817,2904.500000,-0.029338,-0.004680,-0.012599,-0.014722
2025-02-26,84347.023438,5956.060059,512.623108,2916.800049,-0.049463,0.000136,0.002416,0.004235
2025-02-27,84704.226562,5861.569824,498.386932,2883.199951,0.004235,-0.015865,-0.027771,-0.011520
2025-02-28,84373.007812,5954.500000,506.257233,2836.800049,-0.003910,0.015854,0.015792,-0.016093
2025-03-03,86065.671875,5849.720215,495.179047,2890.199951,0.020062,-0.017597,-0.021883,0.018824
2025-03-04,87222.195312,5778.149902,493.684692,2909.600098,0.013438,-0.012235,-0.003018,0.006712
2025-03-05,90623.562500,5842.629883,500.120392,2915.300049,0.038997,0.011159,0.013036,0.001959
2025-03-06,89961.726562,5738.520020,486.362366,2916.600098,-0.007303,-0.017819,-0.027509,0.000446
2025-03-07,86742.671875,5770.200195,489.938873,2904.699951,-0.035782,0.005521,0.007354,-0.004080
2025-03-10,78532.000000,5614.560059,470.950623,2891.000000,-0.094656,-0.026973,-0.038756,-0.004716
2025-03-11,82862.210938,5572.069824,469.824860,2912.899902,0.055139,-0.007568,-0.002390,0.007575
2025-03-12,83722.359375,5599.299805,475.124847,2939.100098,0.010380,0.004887,0.011281,0.008995
2025-03-13,81066.703125,5521.520020,466.577118,2984.300049,-0.031720,-0.013891,-0.017990,0.015379
2025-03-14,83969.101562,5638.939941,477.854523,2994.500000,0.035803,0.021266,0.024171,0.003418
2025-03-17,84075.687500,5675.120117,480.952789,3000.000000,0.001269,0.006416,0.006484,0.001837
2025-03-18,82718.500000,5614.660156,472.753784,3035.100098,-0.016142,-0.010654,-0.017047,0.011700
2025-03-19,86854.226562,5675.290039,479.079895,3035.899902,0.049998,0.010798,0.013381,0.000264
2025-03-20,84167.195312,5662.890137,477.456055,3040.000000,-0.030937,-0.002185,-0.003389,0.001351
2025-03-21,84043.242188,5667.560059,479.030060,3018.199951,-0.001473,0.000825,0.003297,-0.007171
2025-03-24,87498.914062,5767.569824,489.542053,3013.100098,0.041118,0.017646,0.021944,-0.001690
2025-03-25,87471.703125,5776.649902,492.335663,3023.699951,-0.000311,0.001574,0.005707,0.003518
2025-03-26,86900.882812,5712.200195,483.276367,3020.899902,-0.006526,-0.011157,-0.018401,-0.000926
2025-03-27,87177.101562,5693.310059,480.522644,3060.199951,0.003179,-0.003307,-0.005698,0.013009
2025-03-28,84353.148438,5580.939941,467.871552,3086.500000,-0.032393,-0.019737,-0.026328,0.008594
2025-03-31,82548.914062,5611.850098,467.851624,3122.800049,-0.021389,0.005539,-0.000043,0.011761
2025-04-01,85169.171875,5633.069824,471.622986,3118.899902,0.031742,0.003781,0.008061,-0.001249
2025-04-02,82485.710938,5670.970215,475.065125,3139.899902,-0.031507,0.006728,0.007298,0.006733
2025-04-03,83102.828125,5396.520020,449.633209,3097.000000,0.007482,-0.048396,-0.053534,-0.013663
2025-04-04,83843.804688,5074.080078,421.706970,3012.000000,0.008916,-0.059750,-0.062109,-0.027446
2025-04-07,79235.335938,5062.250000,422.724640,2951.300049,-0.054965,-0.002331,0.002413,-0.020153
2025-04-08,76271.953125,4982.770020,415.112030,2968.399902,-0.037400,-0.015701,-0.018008,0.005794
2025-04-09,82573.953125,5456.899902,464.938232,3056.500000,0.082625,0.095154,0.120031,0.029679
2025-04-10,79626.140625,5268.049805,445.163391,3155.199951,-0.035699,-0.034608,-0.042532,0.032292
2025-04-11,83404.835938,5363.359863,453.364655,3222.199951,0.047455,0.018092,0.018423,0.021235
2025-04-14,84542.390625,5405.970215,456.437653,3204.800049,0.013639,0.007945,0.006778,-0.005400
2025-04-15,83668.992188,5396.629883,456.946472,3218.699951,-0.010331,-0.001728,0.001115,0.004337
2025-04-16,84033.867188,5275.700195,443.167938,3326.600098,0.004361,-0.022408,-0.030153,0.033523
2025-04-17,84895.750000,5282.700195,443.088135,3308.699951,0.010256,0.001327,-0.000180,-0.005381
2025-04-21,87518.906250,5158.200195,432.123169,3406.199951,0.030899,-0.023567,-0.024747,0.029468
2025-04-22,93441.890625,5287.759766,443.467285,3400.800049,0.067677,0.025117,0.026252,-0.001585
2025-04-23,93699.109375,5375.859863,453.524292,3276.300049,0.002753,0.016661,0.022678,-0.036609
2025-04-24,93943.796875,5484.770020,466.285156,3332.000000,0.002611,0.020259,0.028137,0.017001
2025-04-25,94720.500000,5525.209961,471.483307,3282.399902,0.008268,0.007373,0.011148,-0.014886
2025-04-28,94978.750000,5528.750000,471.333618,3332.500000,0.002726,0.000641,-0.000317,0.015263
2025-04-29,94284.789062,5560.830078,474.446533,3318.800049,-0.007306,0.005802,0.006604,-0.004111
2025-04-30,94207.312500,5569.060059,474.386658,3305.000000,-0.000822,0.001480,-0.000126,-0.004158
2025-05-01,96492.335938,5604.140137,480.582520,3210.000000,0.024255,0.006299,0.013061,-0.028744
2025-05-02,96910.070312,5686.669922,487.716217,3231.899902,0.004329,0.014727,0.014844,0.006822
2025-05-05,94748.054688,5650.379883,484.822815,3311.300049,-0.022310,-0.006382,-0.005933,0.024568
2025-05-06,96802.476562,5606.910156,480.313110,3411.399902,0.021683,-0.007693,-0.009302,0.030230
2025-05-07,97032.320312,5631.279785,482.198822,3381.399902,0.002374,0.004346,0.003926,-0.008794
2025-05-08,103241.460938,5663.939941,487.177460,3296.600098,0.063990,0.005800,0.010325,-0.025078
2025-05-09,102970.851562,5659.910156,486.858185,3335.399902,-0.002621,-0.000711,-0.000655,0.011770
2025-05-12,102812.953125,5844.189941,506.692902,3220.000000,-0.001533,0.032559,0.040740,-0.034599
2025-05-13,104169.812500,5886.549805,514.415283,3240.300049,0.013197,0.007248,0.015241,0.006304
2025-05-14,103539.414062,5892.580078,517.498230,3181.399902,-0.006052,0.001024,0.005993,-0.018177
2025-05-15,103744.640625,5916.930176,518.066895,3220.699951,0.001982,0.004132,0.001099,0.012353
2025-05-16,103489.289062,5958.379883,520.321777,3182.000000,-0.002461,0.007005,0.004352,-0.012016
2025-05-19,105606.179688,5963.600098,520.820679,3228.899902,0.020455,0.000876,0.000959,0.014739
2025-05-20,106791.085938,5940.459961,519.084595,3280.300049,0.011220,-0.003880,-0.003333,0.015919
2025-05-21,109678.078125,5844.609863,511.871002,3309.300049,0.027034,-0.016135,-0.013897,0.008841
2025-05-22,111673.281250,5842.009766,512.828857,3292.300049,0.018191,-0.000445,0.001871,-0.005137
2025-05-23,107287.796875,5802.819824,508.079681,3363.600098,-0.039271,-0.006708,-0.009261,0.021657
2025-05-27,108994.640625,5921.540039,520.032410,3299.100098,0.015909,0.020459,0.023525,-0.019176
2025-05-28,107802.328125,5888.549805,517.727600,3293.600098,-0.010939,-0.005571,-0.004432,-0.001667
2025-05-29,105641.757812,5912.169922,518.745361,3317.100098,-0.020042,0.004011,0.001966,0.007135
2025-05-30,103998.570312,5911.689941,517.927246,3288.899902,-0.015554,-0.000081,-0.001577,-0.008501
2025-06-02,105881.531250,5935.939941,522.017883,3370.600098,0.018106,0.004102,0.007898,0.024841
2025-06-03,105432.468750,5970.370117,526.098511,3350.199951,-0.004241,0.005800,0.007817,-0.006052
2025-06-04,104731.984375,5970.810059,527.565247,3373.500000,-0.006644,0.000074,0.002788,0.006955
2025-06-05,101575.953125,5939.299805,523.594238,3350.699951,-0.030134,-0.005277,-0.007527,-0.006759
2025-06-06,104390.343750,6000.359863,528.712585,3322.699951,0.027707,0.010281,0.009775,-0.008356
2025-06-09,110294.101562,6005.879883,529.490845,3332.100098,0.056555,0.000920,0.001472,0.002829
2025-06-10,110257.234375,6038.810059,532.992859,3320.899902,-0.000334,0.005483,0.006614,-0.003361
2025-06-11,108686.625000,6022.240234,531.196899,3321.300049,-0.014245,-0.002744,-0.003370,0.000120
2025-06-12,105929.054688,6045.259766,532.444031,3380.899902,-0.025372,0.003822,0.002348,0.017945
2025-06-13,106090.968750,5976.970215,525.759399,3431.199951,0.001529,-0.011296,-0.012555,0.014878
2025-06-16,106796.757812,6033.109863,533.072632,3396.399902,0.006653,0.009393,0.013910,-0.010142
2025-06-17,104601.117188,5982.720215,527.874573,3386.600098,-0.020559,-0.008352,-0.009751,-0.002885
2025-06-18,104883.328125,5980.870117,527.784668,3389.800049,0.002698,-0.000309,-0.000170,0.000945
2025-06-20,103309.601562,5967.839844,525.629639,3368.100098,-0.015005,-0.002179,-0.004083,-0.006402
2025-06-23,105577.773438,6025.169922,531.034424,3377.699951,0.021955,0.009607,0.010282,0.002850
2025-06-24,106045.632812,6092.180176,539.154968,3317.399902,0.004431,0.011122,0.015292,-0.017852
2025-06-25,107361.257812,6092.160156,540.533325,3327.100098,0.012406,-0.000003,0.002557,0.002924
2025-06-26,106960.000000,6141.020020,545.587463,3333.500000,-0.003737,0.008020,0.009350,0.001924
2025-06-27,107088.429688,6173.069824,547.455383,3273.699951,0.001201,0.005219,0.003424,-0.017939
2025-06-30,107135.335938,6204.950195,551.001221,3294.399902,0.000438,0.005164,0.006477,0.006323
2025-07-01,105698.281250,6198.009766,546.356628,3336.699951,-0.013413,-0.001119,-0.008429,0.012840
2025-07-02,108859.320312,6227.419922,550.162170,3348.000000,0.029906,0.004745,0.006965,0.003387
2025-07-03,109647.976562,6279.350098,555.575928,3331.600098,0.007245,0.008339,0.009840,-0.004898
2025-07-07,108299.851562,6229.979980,551.390808,3332.199951,-0.012295,-0.007862,-0.007533,0.000180
2025-07-08,108950.273438,6225.520020,551.700439,3307.000000,0.006006,-0.000716,0.000562,-0.007563
2025-07-09,111326.554688,6263.259766,555.605896,3311.600098,0.021811,0.006062,0.007079,0.001391
2025-07-10,115987.203125,6280.459961,554.806824,3317.399902,0.041865,0.002746,-0.001438,0.001751
2025-07-11,117516.992188,6259.750000,553.558289,3356.000000,0.013189,-0.003298,-0.002250,0.011636
2025-07-14,119849.703125,6268.560059,555.565979,3351.500000,0.019850,0.001407,0.003627,-0.001341
2025-07-15,117777.187500,6243.759766,556.075317,3329.800049,-0.017293,-0.003956,0.000917,-0.006475
2025-07-16,118738.507812,6263.700195,556.644653,3352.500000,0.008162,0.003194,0.001024,0.006817
2025-07-17,119289.843750,6297.359863,561.149475,3340.100098,0.004643,0.005374,0.008093,-0.003699
2025-07-18,118003.226562,6296.790039,560.610107,3353.000000,-0.010786,-0.000090,-0.000961,0.003862
2025-07-21,117439.539062,6305.600098,563.516724,3401.899902,-0.004777,0.001399,0.005185,0.014584
2025-07-22,119995.414062,6309.620117,560.600098,3439.199951,0.021763,0.000638,-0.005176,0.010964
2025-07-23,118754.960938,6358.910156,563.157166,3394.100098,-0.010338,0.007812,0.004561,-0.013113
2025-07-24,118368.000000,6363.350098,564.355774,3371.000000,-0.003258,0.000698,0.002128,-0.006806
2025-07-25,117635.882812,6388.640137,565.714172,3334.000000,-0.006185,0.003974,0.002407,-0.010976
2025-07-28,117924.476562,6389.770020,567.482117,3309.100098,0.002453,0.000177,0.003125,-0.007468
2025-07-29,117922.148438,6370.859863,566.603149,3323.399902,-0.000020,-0.002959,-0.001549,0.004321
2025-07-30,117831.187500,6362.899902,567.362305,3295.800049,-0.000771,-0.001249,0.001340,-0.008305
2025-07-31,115758.203125,6339.390137,564.355774,3293.199951,-0.017593,-0.003695,-0.005299,-0.000789
2025-08-01,113320.085938,6238.009766,553.238647,3347.699951,-0.021062,-0.015992,-0.019699,0.016549
2025-08-04,115071.882812,6329.939941,563.446777,3374.399902,0.015459,0.014737,0.018452,0.007976
2025-08-05,114141.445312,6299.189941,559.621277,3381.899902,-0.008086,-0.004858,-0.006789,0.002223
2025-08-06,115028.000000,6345.060059,566.663086,3380.000000,0.007767,0.007282,0.012583,-0.000562
2025-08-07,117496.898438,6340.000000,568.580872,3400.300049,0.021463,-0.000797,0.003384,0.006006
2025-08-08,116688.726562,6389.450195,573.884705,3439.100098,-0.006878,0.007800,0.009328,0.011411
2025-08-11,118731.445312,6373.450195,572.186646,3353.100098,0.017506,-0.002504,-0.002959,-0.025007
2025-08-12,120172.906250,6445.759766,579.378296,3348.899902,0.012141,0.011345,0.012569,-0.001253
2025-08-13,123344.062500,6466.580078,579.668030,3358.699951,0.026388,0.003230,0.000500,0.002926
2025-08-14,118359.578125,6468.540039,579.218567,3335.199951,-0.040411,0.000303,-0.000775,-0.006997
2025-08-15,117398.351562,6449.799805,576.671509,3336.000000,-0.008121,-0.002897,-0.004397,0.000240
2025-08-18,116252.312500,6449.149902,576.441711,3331.699951,-0.009762,-0.000101,-0.000398,-0.001289
2025-08-19,112831.179688,6411.370117,568.620850,3313.399902,-0.029429,-0.005858,-0.013567,-0.005493
2025-08-20,114274.742188,6395.779785,565.244751,3343.399902,0.012794,-0.002432,-0.005937,0.009054
2025-08-21,112419.031250,6370.169922,562.627808,3336.899902,-0.016239,-0.004004,-0.004630,-0.001944
2025-08-22,116874.085938,6466.910156,571.307678,3374.399902,0.039629,0.015186,0.015427,0.011238
2025-08-25,110124.351562,6439.319824,569.659607,3373.800049,-0.057752,-0.004266,-0.002885,-0.000178
2025-08-26,111802.656250,6465.939941,571.946960,3388.600098,0.015240,0.004134,0.004015,0.004387
2025-08-27,111222.062500,6481.399902,572.825928,3404.600098,-0.005193,0.002391,0.001537,0.004722
2025-08-28,112544.804688,6501.859863,576.411804,3431.800049,0.011893,0.003157,0.006260,0.007989
2025-08-29,108410.835938,6460.259766,569.739563,3473.699951,-0.036732,-0.006398,-0.011575,0.012209
2025-09-02,111200.585938,6415.540039,564.965027,3549.399902,0.025733,-0.006922,-0.008380,0.021792
2025-09-03,111723.210938,6448.259766,569.409912,3593.199951,0.004700,0.005100,0.007868,0.012340
2025-09-04,110723.601562,6502.080078,574.563904,3565.800049,-0.008947,0.008346,0.009051,-0.007625
2025-09-05,110650.984375,6481.500000,575.392944,3613.199951,-0.000656,-0.003165,0.001443,0.013293
2025-09-08,112071.429688,6495.149902,578.199707,3638.100098,0.012837,0.002106,0.004878,0.006891
2025-09-09,111530.546875,6512.609863,579.837830,3643.300049,-0.004826,0.002688,0.002833,0.001429
2025-09-10,113955.359375,6532.040039,580.027588,3643.600098,0.021741,0.002983,0.000327,0.000082
2025-09-11,115507.539062,6587.470215,583.403687,3636.899902,0.013621,0.008486,0.005821,-0.001839
2025-09-12,116101.578125,6584.290039,585.980652,3649.399902,0.005143,-0.000483,0.004417,0.003437
2025-09-15,115444.875000,6615.279785,590.994873,3682.199951,-0.005656,0.004707,0.008557,0.008988
2025-09-16,116843.187500,6606.759766,590.495422,3688.899902,0.012112,-0.001288,-0.000845,0.001820
2025-09-17,116468.507812,6600.350098,589.316833,3681.800049,-0.003207,-0.000970,-0.001996,-0.001925
2025-09-18,117137.203125,6631.959961,594.630676,3643.699951,0.005741,0.004789,0.009017,-0.010348
2025-09-19,115688.859375,6664.359863,598.655945,3671.500000,-0.012365,0.004885,0.006769,0.007630
2025-09-22,112748.507812,6693.750000,602.200012,3740.699951,-0.025416,0.004410,0.005920,0.018848
2025-09-23,112014.500000,6656.919922,598.200012,3780.600098,-0.006510,-0.005502,-0.006642,0.010666
2025-09-24,113328.632812,6637.970215,596.099976,3732.100098,0.011732,-0.002847,-0.003511,-0.012829
2025-09-25,109049.289062,6604.720215,593.530029,3736.899902,-0.037760,-0.005009,-0.004311,0.001286
2025-09-26,109712.828125,6643.700195,595.969971,3775.300049,0.006085,0.005902,0.004111,0.010276
2025-09-29,114400.382812,6661.209961,598.729980,3820.899902,0.042726,0.002636,0.004631,0.012078
2025-09-30,114056.085938,6688.459961,600.369995,3840.800049,-0.003010,0.004091,0.002739,0.005208
2025-10-01,118648.929688,6711.200195,603.250000,3867.500000,0.040268,0.003400,0.004797,0.006952
2025-10-02,120681.257812,6715.350098,605.729980,3839.699951,0.017129,0.000618,0.004111,-0.007188
2025-10-03,122266.531250,6715.790039,603.179993,3880.800049,0.013136,0.000066,-0.004210,0.010704
2025-10-06,124752.531250,6740.279785,607.710022,3948.500000,0.020333,0.003647,0.007510,0.017445
2025-10-07,121451.382812,6714.589844,604.510010,3976.600098,-0.026462,-0.003811,-0.005266,0.007117
2025-10-08,123354.867188,6753.720215,611.440002,4043.300049,0.015673,0.005828,0.011464,0.016773
2025-10-09,121705.585938,6735.109863,610.700012,3946.300049,-0.013370,-0.002756,-0.001210,-0.023990
2025-10-10,113214.367188,6552.509766,589.500000,3975.899902,-0.069769,-0.027112,-0.034714,0.007501
2025-10-13,115271.078125,6654.720215,602.010010,4108.600098,0.018167,0.015599,0.021221,0.033376
